problem,basis,degree,penalty,alpha,cv_mse,cv_se,terms,fold_1_mse,fold_2_mse,fold_3_mse,fold_4_mse,fold_5_mse
1,monomial,4,0.0,9.999999999999999e-06,0.8474328540743757,0.07033234324743996,209,0.751672126395915,0.7357629627211626,0.8484195134657213,1.1179598858212887,0.7833497819677906
1,monomial,4,0.0,3.1622776601683795e-05,0.8474317107428992,0.07033215765795174,209,0.7516711301432164,0.7357620036228638,0.848418637447313,1.1179579504434038,0.7833488320576996
1,monomial,4,0.0,0.0001,0.8474280953175779,0.07033157078275806,209,0.7516679797985403,0.735758970793035,0.8484158673136839,1.117951830391491,0.783345828291139
1,monomial,4,0.0,0.00031622776601683794,0.847416663401383,0.07032971502343616,209,0.7516580183636322,0.7357493811958908,0.848407108179994,1.1179324785913296,0.7833363306760683
1,monomial,4,0.0,0.001,0.8473805231299366,0.07032384762703885,209,0.7516265258348909,0.7357190667518654,0.848379417344373,1.1178712978549232,0.7833063078636306
1,monomial,4,0.0,0.0031622776601683794,0.8472663436621126,0.07030530358682831,209,0.7515270205779437,0.7356233091883764,0.8482919309159145,1.1176779775466124,0.7832114800817158
1,monomial,4,0.0,0.01,0.8469063339959959,0.07024676507721885,209,0.7512131834335339,0.7353215445892068,0.8480160685488952,1.1170681428945468,0.7829127305137964
1,monomial,4,0.0,0.03162277660168379,0.8457783480431293,0.0700626767459743,209,0.75022892534632,0.734377634937008,0.8471515674038569,1.1151545344731493,0.7819790780553125
1,monomial,4,0.0,0.1,0.842312617911784,0.06949072697017875,209,0.7471958366594506,0.7314926148589851,0.8444936241566227,1.1092480457121034,0.7791329681717581
1,monomial,4,0.0,0.31622776601683794,0.8322703119610508,0.06778093299092586,209,0.738329733564857,0.7232657939283302,0.8367717481442085,1.0919104612495918,0.7710738229182665
1,monomial,4,0.0,1.0,0.8074702156234347,0.06324389951934144,209,0.7159239859887918,0.7038946845261143,0.8174708425352714,1.047767514752987,0.7522940503140093
1,monomial,4,0.0,3.1622776601683795,0.7650633629550254,0.054355460074131674,209,0.6758257819856387,0.6755526188238614,0.7827435622817615,0.9677259270340175,0.723468924649848
1,monomial,4,0.0,10.0,0.7336530292845009,0.04345163642239074,209,0.6437206888585425,0.6728393918969873,0.7543077498120154,0.8911277786570742,0.7062695371978857
1,monomial,4,0.0,31.622776601683793,0.7734279808582862,0.03486138274525704,209,0.6745980343520203,0.7642360305230261,0.8063786276642171,0.883595824777017,0.73833138697515
1,monomial,4,0.0,100.0,0.9383192249510284,0.0472433400920531,209,0.80653732468195,1.0152564947524556,1.0470028738948156,0.9750055151146961,0.8477939163112247
1,monomial,4,0.0,316.2277660168379,1.308269381332043,0.10308111406923127,209,1.0919746586872283,1.4439487738406247,1.633010417039835,1.2638808377694768,1.1085322193230491
1,monomial,4,0.0,1000.0,2.1122403391722733,0.1950053999484612,209,1.713466011590072,2.180543746459066,2.8096921523137675,2.075513786272385,1.7819859992260767
1,monomial,4,1.0,9.999999999999999e-06,0.8474269923140518,0.0703316297118139,209,0.7516676063857443,0.7357575800522156,0.8484133661240341,1.1179512751646128,0.7833451338436526
1,monomial,4,1.0,3.1622776601683795e-05,0.8474131756280567,0.07032990139450541,209,0.7516568374452917,0.7357449835889376,0.8483991992537858,1.117930723063199,0.7833341347890699
1,monomial,4,1.0,0.0001,0.8473694961224508,0.07032443719424702,209,0.7516227906097981,0.7357051633135863,0.8483544124215973,1.1178657489205917,0.7832993653466802
1,monomial,4,1.0,0.00031622776601683794,0.847231496184825,0.07030717005677205,209,0.7515152004439597,0.735579372793827,0.8482129113381427,1.1176604555664262,0.7831895407817691
1,monomial,4,1.0,0.001,0.8467963657972536,0.07025268811091183,209,0.7511757223310856,0.7351829062028423,0.8477667145058888,1.117012985185625,0.7828435007608264
1,monomial,4,1.0,0.0031622776601683794,0.8454328706127278,0.07008160790064837,209,0.7501096558725205,0.7339422072116139,0.8463682716017553,1.114982588109758,0.7817616302679911
1,monomial,4,1.0,0.01,0.8412422510571262,0.06955240903374992,209,0.7468111597944168,0.7301448498228285,0.8420674962183273,1.108727907748801,0.7784598417012577
1,monomial,4,1.0,0.03162277660168379,0.829089603582647,0.0679891923640209,209,0.7370533089226212,0.7192750874966687,0.8295674273541633,1.090469796123746,0.769082398016036
1,monomial,4,1.0,0.1,0.799035516207985,0.06394761848611905,209,0.7116014002946037,0.6934411425799116,0.7983961293815771,1.0445924012587873,0.747146507525045
1,monomial,4,1.0,0.31622776601683794,0.7476988136646117,0.0564508963314515,209,0.662683660971581,0.654382237612741,0.7437067278739333,0.963683777609963,0.7140376642548405
1,monomial,4,1.0,1.0,0.7090080984838935,0.04861314722085561,209,0.6141774594066344,0.6419973916030316,0.7007753939134603,0.892155031386795,0.695935216109546
1,monomial,4,1.0,3.1622776601683795,0.7425640393798576,0.0417163771282314,209,0.6270940230692148,0.7289800122729247,0.7484286800040948,0.8868178705352335,0.7214996110178203
1,monomial,4,1.0,10.0,0.8951179551474592,0.04812848989988815,209,0.7524093984962329,0.9786796462947439,0.9780204492708456,0.9601288719840223,0.8063514096914508
1,monomial,4,1.0,31.622776601683793,1.2416855812104073,0.09807280125093124,209,1.039085145502109,1.3923406874723046,1.5295747369889658,1.2183357550671168,1.0290915810215395
1,monomial,4,1.0,100.0,2.0055483089412016,0.1785805472962495,209,1.6468843144181158,2.0902727217160026,2.629775140355834,1.9900800339086602,1.6707293343073935
1,monomial,4,1.0,316.2277660168379,3.58718441722987,0.2723573999567397,209,2.941870430044514,3.5276435962343484,4.55206567760042,3.67942452662023,3.2349178556498357
1,monomial,4,1.0,1000.0,5.870667667631802,0.37083666079651745,209,4.837877502780776,5.540515854219935,7.066933905261943,6.208757890980059,5.699253184916296
1,monomial,4,2.0,9.999999999999999e-06,0.8473415462959236,0.0703209875513606,209,0.7516053209938259,0.7356792888357874,0.8483184115835734,1.1178261498750595,0.7832785601913718
1,monomial,4,2.0,3.1622776601683795e-05,0.8471432693809555,0.07029628492274652,209,0.7514600378481293,0.7354977038182838,0.8480992401473229,1.1175354760587588,0.7831238890322835
1,monomial,4,2.0,0.0001,0.846518942190802,0.07021850088843505,209,0.7510020907202192,0.7349261702508528,0.8474089801083113,1.116620187994553,0.7826372818800735
1,monomial,4,2.0,0.00031622776601683794,0.8445710401045368,0.0699758024148969,209,0.7495685392680405,0.7331452960789316,0.8452539887626809,1.113764247671407,0.7811231287416244
1,monomial,4,2.0,0.001,0.8386631334451957,0.06923961483086845,209,0.745175829262849,0.7277659930939642,0.8387051134843586,1.1051001720810545,0.7765685593037525
1,monomial,4,2.0,0.0031622776601683794,0.8221732285665894,0.06718495645091191,209,0.7325390538704694,0.7129406038860748,0.8203211741500762,1.0809038281218746,0.7641614828044523
1,monomial,4,2.0,0.01,0.7851226161478898,0.06259898529565355,209,0.7017717334635671,0.680847286147403,0.7784078232434894,1.0265544156223063,0.7380318222626834
1,monomial,4,2.0,0.03162277660168379,0.733245906566319,0.05657553863066616,209,0.6496645449197139,0.6404857766509978,0.7178523637426909,0.9511941815473619,0.7070326659708303
1,monomial,4,2.0,0.1,0.7095606029982582,0.05380240991440474,209,0.6052672393458294,0.6377971635213777,0.6876849527410942,0.9129292175437254,0.7041244418392639
1,monomial,4,2.0,0.31622776601683794,0.753683787217006,0.049631049376116655,209,0.6187619416072101,0.7358309690273261,0.7436200319122763,0.9283305119253418,0.7418754816128758
1,monomial,4,2.0,1.0,0.8919051917613455,0.048841408539450425,209,0.7386009061894888,0.9817549427935093,0.9477153240619158,0.976320484138492,0.8151343016233217
1,monomial,4,2.0,3.1622776601683795,1.1737442575158714,0.08826909055491626,209,1.0024250499337,1.3604269651487821,1.3963317807962616,1.1377518539502032,0.9717856377504106
1,monomial,4,2.0,10.0,1.7411209991163088,0.14929582930079047,209,1.4879912953030798,1.9019126258983625,2.233941104820233,1.6689262937963907,1.4128336757634778
1,monomial,4,2.0,31.622776601683793,2.989997234109321,0.22093813211493232,209,2.487680438852768,3.0296895284412715,3.774370860384303,2.9955142096728986,2.6627311331953654
1,monomial,4,2.0,100.0,5.04674464839562,0.3066087617859784,209,4.137822720494419,4.959584679797595,6.03580654181958,5.234882188085059,4.865627111781445
1,monomial,4,2.0,316.2277660168379,7.161000247359171,0.4162979397658953,209,5.819061579347936,6.834278522459945,8.31407619832546,7.637921667386787,7.199663269275726
1,monomial,4,2.0,1000.0,8.66591530923453,0.5243538483178326,209,7.032595490849152,7.96179260402689,9.957051139116215,9.43504240665945,8.943094905520937
1,monomial,5,0.0,9.999999999999999e-06,4.569788407417166,0.9674024039186045,461,6.166747460897705,1.9915711665064824,5.976877842342026,6.286807893819724,2.4269376735198938
1,monomial,5,0.0,3.1622776601683795e-05,4.568546490406616,0.9670735348838813,461,6.1652150690295136,1.9911702017337434,5.975603564671214,6.284323447617945,2.4264201689806644
1,monomial,5,0.0,0.0001,4.564626022096972,0.9660358887725553,461,6.160375572661592,1.989903613409868,5.971580039070644,6.276484750894214,2.424786134448542
1,monomial,5,0.0,0.00031622776601683794,4.552296135633712,0.9627776580778308,461,6.145134945570967,1.985911992399997,5.958917082553417,6.251873356804756,2.4196433008394282
1,monomial,5,0.0,0.001,4.513968676509191,0.9526991242962218,461,6.097562015985082,1.9734245455397375,5.919466627311669,6.175770163718191,2.403620029991273
1,monomial,5,0.0,0.0031622776601683794,4.398979697050838,0.9229009733158129,461,5.953049078531157,1.9352369148020885,5.8002887431227235,5.95111128204921,2.355212466749008
1,monomial,5,0.0,0.01,4.086732344879471,0.8450384960929839,461,5.547356812192706,1.8260714667174116,5.469972674723115,5.369038346691096,2.221222424073031
1,monomial,5,0.0,0.03162277660168379,3.414126698813381,0.6890765505214648,461,4.613548216683655,1.5648423133101237,4.7197484920297885,4.252096064646554,1.9203984073967835
1,monomial,5,0.0,0.1,2.4251022675189784,0.47492342623259565,461,3.148230582246888,1.130520622852458,3.494293533100546,2.899125937900603,1.4533406614943958
1,monomial,5,0.0,0.31622776601683794,1.4818833034086563,0.26936293771700437,461,1.7809438073593253,0.7047432615079867,2.127964565407017,1.8017454923157827,0.994019390453168
1,monomial,5,0.0,1.0,0.8771764915906131,0.12602769817746937,461,0.991688737353833,0.47257406870997026,1.1110186885620434,1.1109450152743117,0.6996559480529074
1,monomial,5,0.0,3.1622776601683795,0.5896829232648064,0.05904532695730073,461,0.6467853193326203,0.3885291740963314,0.6163526772412747,0.7442981790021398,0.5524492666516653
1,monomial,5,0.0,10.0,0.4861880672810145,0.03658028980118881,461,0.520713695062186,0.3678627329434579,0.4584474666695787,0.5898084420513077,0.49410799967854224
1,monomial,5,0.0,31.622776601683793,0.49509992448806955,0.030187815781254106,461,0.5010876165233665,0.40548825474818295,0.47469779416879565,0.5936587523496094,0.5005672046503933
1,monomial,5,0.0,100.0,0.6132484687119166,0.03550222637872925,461,0.5569953801076598,0.5435278224433862,0.6404325860684988,0.7386831109862604,0.5866034439537775
1,monomial,5,0.0,316.2277660168379,0.9152767478961994,0.06439769478347596,461,0.732639446522555,0.8823482075974451,1.0664477523677642,1.0560434280932063,0.838904904900026
1,monomial,5,0.0,1000.0,1.6319158838381589,0.13965447314264093,461,1.2380143776328363,1.5950791580670216,2.043824300088459,1.8198052605485255,1.4628563228539535
1,monomial,5,1.0,9.999999999999999e-06,4.559332766202632,0.9646292504530183,461,6.152864136217393,1.9879437606273302,5.966762919192245,6.2662231532803645,2.4228698616958297
1,monomial,5,1.0,3.1622776601683795e-05,4.535739087696971,0.9583917347919126,461,6.121581590145174,1.9797622651296518,5.943810994151903,6.219901822795841,2.413638766262286
1,monomial,5,1.0,0.0001,4.46335640939277,0.9394207897423135,461,6.025023162170234,1.9544438411744864,5.872925779196377,6.079222750508361,2.3851665139143887
1,monomial,5,1.0,0.00031622776601683794,4.254401956334417,0.885974618483862,461,5.741486004707566,1.8795211145773212,5.664236500728286,5.68507563019765,2.3016905314612632
1,monomial,5,1.0,0.001,3.7402246068163327,0.7615401355766079,461,5.017104660402326,1.6840067969692094,5.123768894291383,4.787877920655622,2.088364761763125
1,monomial,5,1.0,0.0031622776601683794,2.8253415681389766,0.5565217005327052,461,3.6718565180876546,1.303284641668595,4.054473520000569,3.413730644668005,1.6833625162700578
1,monomial,5,1.0,0.01,1.7868187784831704,0.3302582368567899,461,2.1779476539162075,0.8487868286429452,2.6220266599665485,2.095099954563659,1.1902327953264906
1,monomial,5,1.0,0.03162277660168379,1.0306724214291736,0.1535522563788277,461,1.198223206673151,0.5475609739636651,1.3851860761634698,1.2157165515978225,0.806675298747759
1,monomial,5,1.0,0.1,0.6495944029515922,0.062002722639766555,461,0.7346512527566592,0.4324263095419729,0.7220001385384995,0.767382188123319,0.5915121257975107
1,monomial,5,1.0,0.31622776601683794,0.4988511840433521,0.03227358985192451,461,0.5441877589630137,0.3942836059287929,0.4791062802358158,0.5848872333735982,0.4917910417155397
1,monomial,5,1.0,1.0,0.4637524837038559,0.025704188870413116,461,0.47715412317821865,0.4016725272676263,0.422560416612932,0.5501934116101944,0.4671819398503083
1,monomial,5,1.0,3.1622776601683795,0.5128516592193499,0.029639388284022492,461,0.479202305730236,0.4760026021939148,0.4796646240364545,0.6302802785480026,0.49910848558814225
1,monomial,5,1.0,10.0,0.6521853571646236,0.03802961289917376,461,0.5552304641171347,0.6648103330742595,0.6749813641402432,0.775018915470503,0.5908857090209775
1,monomial,5,1.0,31.622776601683793,0.9594565830431355,0.0719855721255639,461,0.7700178689964429,1.0327141751378448,1.1424259202682427,1.041554119025141,0.8105708317880064
1,monomial,5,1.0,100.0,1.6725467081847678,0.14984356907845375,461,1.3251649925166862,1.7167584888723955,2.163538226656451,1.7626495315979376,1.3946223012803685
1,monomial,5,1.0,316.2277660168379,3.1635564149552247,0.253148131527664,461,2.5764971553347347,3.0971727018861324,4.0269740138232,3.3458838564450724,2.771254347286983
1,monomial,5,1.0,1000.0,5.3854235355187585,0.35370165543354887,461,4.468355940787599,5.1291387932862875,6.549975507378588,5.735643295557173,5.044004140584144
1,monomial,5,2.0,9.999999999999999e-06,4.34147574394524,0.9076938732304386,461,5.8520057109157975,1.909864209658205,5.760033972765095,5.845974270022212,2.3395005563648885
1,monomial,5,2.0,3.1622776601683795e-05,3.9402476700666385,0.8081591675309654,461,5.281701669008931,1.7592146063757734,5.358075205057411,5.122279473482765,2.1799673964083097
1,monomial,5,2.0,0.0001,3.137061534445439,0.623612777158567,461,4.097962796041514,1.4341185695351988,4.466887582113396,3.846496179822104,1.8398425447149815
1,monomial,5,2.0,0.00031622776601683794,2.0891711327097666,0.3948500378643778,461,2.570227532971658,0.9824679351564839,3.0930566587224533,2.439776421775429,1.360327114922808
1,monomial,5,2.0,0.001,1.225710322930616,0.19684704808889122,461,1.4337641063668238,0.6253991282354805,1.7269853079771225,1.4100490535214587,0.9323540185521946
1,monomial,5,2.0,0.0031622776601683794,0.744897203986746,0.07922631925991028,461,0.8521035624761477,0.4700932157864265,0.8863607141675578,0.8532856601526635,0.662642867350934
1,monomial,5,2.0,0.01,0.5431951881921935,0.033911848022257565,461,0.5980330820289896,0.425664036023751,0.5469524585385781,0.6197198500165,0.5256065143531489
1,monomial,5,2.0,0.03162277660168379,0.4784783370552681,0.022840348449327228,461,0.5007948058361702,0.421798005528346,0.4425453869212476,0.5521036698863295,0.4751498171042471
1,monomial,5,2.0,0.1,0.4938473459194478,0.02691097524897029,461,0.47323138295276496,0.46068086226814364,0.44810034784739045,0.5979863967542033,0.4892377397747367
1,monomial,5,2.0,0.31622776601683794,0.5764878674813546,0.03689847224406735,461,0.4983331736538215,0.5693066389977522,0.5438824559549452,0.7162422793449453,0.5546747894553086
1,monomial,5,2.0,1.0,0.7291428896609338,0.04365631651356875,461,0.6016756754515428,0.7940284265809581,0.75561533266673,0.8374934845425589,0.6569015290628794
1,monomial,5,2.0,3.1622776601683795,1.0012226052150903,0.07606905967087894,461,0.8355124498522372,1.1553591304411337,1.1801257153551838,1.0137509328644279,0.8213647975624682
1,monomial,5,2.0,10.0,1.5442405364701675,0.1394483519974929,461,1.3010156313447878,1.6920464060278644,1.9946121485423856,1.511818846909641,1.2217096495261583
1,monomial,5,2.0,31.622776601683793,2.749231271886639,0.21744302914133315,461,2.2846844553749,2.7803224481693034,3.5151695664641687,2.791466782331978,2.3745131070928447
1,monomial,5,2.0,100.0,4.830543917287892,0.3032297304518384,461,3.9696940032082133,4.740492213603288,5.823776093389696,5.035638898617849,4.5831183776204165
1,monomial,5,2.0,316.2277660168379,7.035400549482631,0.4109363381851715,461,5.727413969952092,6.720131454207214,8.19411686575484,7.50915322685089,7.026187230648121
1,monomial,5,2.0,1000.0,8.60230372611566,0.5197617202046602,461,6.9868426664438275,7.912378523589335,9.896499780620896,9.36396273784566,8.85183492207857
1,monomial,6,0.0,9.999999999999999e-06,10.396911080350161,0.7172366563466371,923,12.519321048306267,8.240073218654612,10.745363797783366,10.933177003369108,9.546620333637447
1,monomial,6,0.0,3.1622776601683795e-05,10.384185280096698,0.7164092508959697,923,12.508763271107703,8.23372668379174,10.732326972595082,10.913493632725539,9.53261584026343
1,monomial,6,0.0,0.0001,10.344270768441387,0.7138517025493807,923,12.475585785960622,8.213772129591902,10.69134807874514,10.851932037854764,9.488715810054504
1,monomial,6,0.0,0.00031622776601683794,10.221230116868679,0.7063178187742064,923,12.372711136714319,8.151791009481496,10.564176744310227,10.663842099988685,9.353629593848664
1,monomial,6,0.0,0.001,9.861088690148222,0.6870664812513672,923,12.06636007521993,7.966167151523974,10.184543570466902,10.128044271126198,8.960328382404107
1,monomial,6,0.0,0.0031622776601683794,8.944101597293798,0.6524722347835464,923,11.250738684813253,7.462758940861069,9.168574276899204,8.865343667050464,7.973092416844997
1,monomial,6,0.0,0.01,7.210108133936222,0.6106684999914603,923,9.559801674746378,6.366910754708103,7.0792201697066925,6.884932058227314,6.159676012292623
1,monomial,6,0.0,0.03162277660168379,5.096323586776585,0.5428200085356008,923,7.1394477384293396,4.6987851876512385,4.438165240355039,5.16829500168109,4.036924765766215
1,monomial,6,0.0,0.1,3.3524048311212575,0.4399737704573812,923,4.658642483331731,2.9927751900222166,2.5846618186499115,4.108703498878702,2.4172411647237277
1,monomial,6,0.0,0.31622776601683794,2.0983808177982275,0.31342970153006766,923,2.7171025000812,1.718456826390223,1.642754772171574,2.9834874811312035,1.4301025092169377
1,monomial,6,0.0,1.0,1.2425360218402373,0.16395994580132967,923,1.5108233862518778,0.9969172576913723,1.1209744895196199,1.731119981823446,0.8528449939148706
1,monomial,6,0.0,3.1622776601683795,0.7636278199810465,0.06483057720535862,923,0.8892481188240436,0.6446820905732166,0.7675672172448376,0.9227283817663473,0.5939132914967873
1,monomial,6,0.0,10.0,0.5695334793735188,0.02583208183090392,923,0.6316494444797833,0.5067693776178055,0.5594755436729397,0.6267986113497387,0.5229744197473273
1,monomial,6,0.0,31.622776601683793,0.5334300086965229,0.01695388241597747,923,0.5571312291738572,0.4964475211936886,0.5075296367532696,0.5875230068262082,0.5185186495355912
1,monomial,6,0.0,100.0,0.6026634862799172,0.014916033116091711,923,0.5838034769896875,0.5879348916153815,0.6015211108050476,0.6604808235383928,0.5795771284510768
1,monomial,6,0.0,316.2277660168379,0.8191778977507272,0.030407194559601412,923,0.7263395704056435,0.8442854264061287,0.9032715641874779,0.8429103334722832,0.779082594282103
1,monomial,6,0.0,1000.0,1.295509066145032,0.09112001412048196,923,1.0405730271650246,1.3423170897923644,1.5969606705315988,1.2915441596403199,1.2061503835958511
1,monomial,6,1.0,9.999999999999999e-06,9.316133000464704,0.5431558224974801,923,10.878818499797953,7.6530962238506275,9.90100986209239,9.415355344022068,8.732385072560485
1,monomial,6,1.0,3.1622776601683795e-05,9.060851494586927,0.530359747224461,923,10.655938322026149,7.506706532560931,9.620989432262975,9.053191863284315,8.467431322800266
1,monomial,6,1.0,0.0001,8.384593798280507,0.5015012743961885,923,10.04313989010075,7.105006900473699,8.845796600806967,8.159844161312014,7.769181438709106
1,monomial,6,1.0,0.00031622776601683794,7.002187296369078,0.4496806757859385,923,8.686818010610281,6.205241259426838,7.129051394900708,6.637042190407358,6.352783626500205
1,monomial,6,1.0,0.001,5.128027489070406,0.38305883742407454,923,6.58355941773782,4.7531406078199385,4.691037732292431,5.178665933051034,4.433733754450802
1,monomial,6,1.0,0.0031622776601683794,3.4314230807084996,0.34487157917115063,923,4.336276381594322,3.1362024794022965,2.7758427711565608,4.176190585146657,2.732603186242664
1,monomial,6,1.0,0.01,2.161228936097527,0.27529435828265814,923,2.5912737739050598,1.8180442814965954,1.755557877761186,3.026904934334623,1.614363812990171
1,monomial,6,1.0,0.03162277660168379,1.2789143471666535,0.14660547766666712,923,1.4928797766184458,1.0430731014803412,1.1846161496471246,1.7324888207722562,0.9415138873151003
1,monomial,6,1.0,0.1,0.7743111577314588,0.055171420863811355,923,0.8931610491327799,0.6836921959586922,0.7885056491637391,0.8899179979250521,0.6162788964770304
1,monomial,6,1.0,0.31622776601683794,0.5535047078559722,0.020154896094351005,923,0.6209666508966011,0.520380923192626,0.5398611973529962,0.5753739810240016,0.5109407868136362
1,monomial,6,1.0,1.0,0.4846251479777717,0.01447367196416329,923,0.5104943860073938,0.4627561437427848,0.4431667893905339,0.5209882928115563,0.4857201279365893
1,monomial,6,1.0,3.1622776601683795,0.5022221306482326,0.018258099311492585,923,0.4827332151276761,0.49182754962257924,0.46546823455254327,0.5716530045498281,0.49942864938853687
1,monomial,6,1.0,10.0,0.6179087101488021,0.02491936839185384,923,0.5457363885643819,0.6439868710937595,0.6308848480400226,0.6883834060213784,0.5805520370244682
1,monomial,6,1.0,31.622776601683793,0.9051890327331206,0.05843593388342823,923,0.7440944672806913,0.9902289601545341,1.0575624701272455,0.9340444639138722,0.8000148021892596
1,monomial,6,1.0,100.0,1.5198038485959324,0.13687103725026553,923,1.1814227872359808,1.5890379946153306,1.975817853670764,1.5487837009937186,1.303956906463868
1,monomial,6,1.0,316.2277660168379,2.7483102505284527,0.2508454660525228,923,2.147895626537529,2.700104509258842,3.618798234116107,2.875373807933369,2.3993790747964185
1,monomial,6,1.0,1000.0,4.755697773273079,0.3506314355146138,923,3.875115635285758,4.548099031585522,5.953329775920463,5.017210843363553,4.384733580210098
1,monomial,6,2.0,9.999999999999999e-06,7.4243347178507175,0.32983644731800477,923,8.414203157428437,7.066006775923046,8.003146298119505,6.826379351804389,6.81193800597821
1,monomial,6,2.0,3.1622776601683795e-05,5.555604876634983,0.2513024742263189,923,6.469225485910114,5.449585458127183,5.497824939997198,5.43824177780756,4.923146721332865
1,monomial,6,2.0,0.0001,3.7553504952796777,0.26397039725418353,923,4.293517413194303,3.5929113180341936,3.3356574047699104,4.448335602562858,3.106330737837124
1,monomial,6,2.0,0.00031622776601683794,2.3706790087911735,0.25518144775376544,923,2.587424256081816,2.056920853383048,2.0837959763412495,3.2700656062172717,1.8551883519324825
1,monomial,6,2.0,0.001,1.4020847435463288,0.14806359570502203,923,1.5291480210981434,1.1400244741799035,1.3608627439652567,1.9003223207416913,1.0800661577466504
1,monomial,6,2.0,0.0031622776601683794,0.8360116363750884,0.056809526042775664,923,0.9392984788283754,0.7294169585283625,0.8764250081240025,0.9592231034343263,0.6756946329603752
1,monomial,6,2.0,0.01,0.5807799389016466,0.021325035515101547,923,0.6570002951772091,0.552614251638757,0.5749202590592677,0.5876802097741791,0.5316846788588201
1,monomial,6,2.0,0.03162277660168379,0.4951453864126951,0.014653618636399737,923,0.5330696972293578,0.4798072982305072,0.4498017289697603,0.5188946897566563,0.49415351787719397
1,monomial,6,2.0,0.1,0.4933369524218594,0.020256450541153343,923,0.4813815265115939,0.47845516364047336,0.44193059481123653,0.565157622486613,0.49975985465938033
1,monomial,6,2.0,0.31622776601683794,0.5559359134117903,0.0304503806290107,923,0.4871840065995866,0.5556310490430232,0.5247300928561962,0.6685872024383451,0.5435472161218008
1,monomial,6,2.0,1.0,0.6995933389837352,0.03990814972323481,923,0.5787607490835547,0.7610941927449348,0.7296603669887775,0.7921298031706547,0.636321582930755
1,monomial,6,2.0,3.1622776601683795,0.9747966488282319,0.07479169049773672,923,0.803700501282987,1.126162010168493,1.1544588602828947,0.9803383464545394,0.8093235259522451
1,monomial,6,2.0,10.0,1.509401133974179,0.13954892367133953,923,1.2445386667567813,1.658730273477822,1.962959683443262,1.471118857073242,1.2096581891197877
1,monomial,6,2.0,31.622776601683793,2.6629947213516028,0.22033151390834835,923,2.1750838965150834,2.6974460945377716,3.439815614271881,2.6961775937609604,2.306450407672315
1,monomial,6,2.0,100.0,4.684033998972368,0.3048072668140463,923,3.8254012036183256,4.606861798470129,5.692870114819156,4.8649195560220395,4.43011732193219
1,monomial,6,2.0,316.2277660168379,6.89348771869596,0.4058808782963671,923,5.610762168070135,6.599710408606877,8.063423445278424,7.333094982805804,6.860447588718555
1,monomial,6,2.0,1000.0,8.519955647048661,0.5144062312000608,923,6.923130794013721,7.845678016974338,9.818957635992938,9.25886912554412,8.753142662718187
1,monomial,7,0.0,9.999999999999999e-06,4.161791148820451,0.48150006263106604,1715,5.351225115283279,3.6852036757137254,4.39024126489567,4.809120553448414,2.5731651347611675
1,monomial,7,0.0,3.1622776601683795e-05,4.161419106483112,0.4814581259987312,1715,5.350602847537872,3.6848445013517006,4.390020611448546,4.808749346396615,2.572878225680823
1,monomial,7,0.0,0.0001,4.1602434116909475,0.4813256166877586,1715,5.3486364464048695,3.683709554197687,4.389323159854186,4.807576235101778,2.5719716628962144
1,monomial,7,0.0,0.00031622776601683794,4.156533580441851,0.48090764208843306,1715,5.342431928404411,3.6801291275949453,4.387120777479001,4.803873995506142,2.569112073224759
1,monomial,7,0.0,0.001,4.14488181872375,0.4795963623125245,1715,5.322948345210381,3.6688919160805042,4.3801875980933405,4.792240479778005,2.5601407544565196
1,monomial,7,0.0,0.0031622776601683794,4.108812785026773,0.47555155967731544,1715,5.262671451578061,3.6341825232456886,4.358571420712264,4.756172261757127,2.532466267840728
1,monomial,7,0.0,0.01,4.001929939658401,0.46369586618323755,1715,5.084458000039858,3.5319631972919274,4.2931438940722995,4.648753126884857,2.4513314800030668
1,monomial,7,0.0,0.03162277660168379,3.7210849306792695,0.4335274537977944,1715,4.6206268218880755,3.267127122021209,4.111321344096798,4.361967709860859,2.2443816555294047
1,monomial,7,0.0,0.1,3.1555933480227716,0.37735921957870694,1715,3.7206985087937916,2.743403711815741,3.7005335322112125,3.76015759472343,1.8531733925696834
1,monomial,7,0.0,0.31622776601683794,2.381939061171148,0.3070148595415661,1715,2.6106019285582605,2.022968136457356,3.0331670193537663,2.8778649325307106,1.3650932889556477
1,monomial,7,0.0,1.0,1.6079668023594007,0.22535840497335904,1715,1.688617404483845,1.2852301980255565,2.190068261752163,1.9421502150295251,0.9337679325059133
1,monomial,7,0.0,3.1622776601683795,1.014175526083405,0.13330806901068598,1715,1.0885714800256594,0.7465470897434335,1.3458115401208972,1.226665855266682,0.6632816652603536
1,monomial,7,0.0,10.0,0.6939524790935889,0.07089789481994078,1715,0.7667052271152021,0.4949547462932699,0.7881999144910469,0.8620082646903586,0.5578942428780669
1,monomial,7,0.0,31.622776601683793,0.5788721415296778,0.046718743343239395,1715,0.6267902277333501,0.4371953861043852,0.5712836347764251,0.7192428953151028,0.5398485637191258
1,monomial,7,0.0,100.0,0.586677094108919,0.03403415935250588,1715,0.5956550450504189,0.4801849778699946,0.5794805740872844,0.694761028721177,0.5833038448157201
1,monomial,7,0.0,316.2277660168379,0.7313320094804094,0.035128537905099934,1715,0.6857959493872284,0.6273733306611995,0.7696296250684045,0.8324840362074031,0.7413771060778116
1,monomial,7,0.0,1000.0,1.1347477759613234,0.07032924717020993,1715,0.9336352113613628,1.0272099192500466,1.2908708705699539,1.2848582148645897,1.1371646637606632
1,monomial,7,1.0,9.999999999999999e-06,3.7864074409373587,0.3819581039097864,1715,4.771790391902121,3.134732484021863,4.005217446969147,4.323064231239821,2.6972326505538424
1,monomial,7,1.0,3.1622776601683795e-05,3.7766179911156366,0.3808819522586761,1715,4.756355665231946,3.1274742502448056,3.998981773983121,4.3118721417810555,2.688406124337251
1,monomial,7,1.0,0.0001,3.7462813041419762,0.37755620005889073,1715,4.708504219126591,3.1049561257138807,3.9795382096023615,4.277241820697913,2.661166145569135
1,monomial,7,1.0,0.00031622776601683794,3.656086011225547,0.3677728155525001,1715,4.566142838771138,3.037759894762794,3.9206637645072284,4.174758397647555,2.5811051604390194
1,monomial,7,1.0,0.001,3.416806298294911,0.3429487136042775,1715,4.189456286493061,2.857341772113334,3.756776426539878,3.906295602484005,2.3741614038442767
1,monomial,7,1.0,0.0031622776601683794,2.92421207019813,0.2989583122416852,1715,3.4326781376628253,2.4727025363420596,3.3835593459097892,3.3663594289886065,1.9657609020873685
1,monomial,7,1.0,0.01,2.227626340022538,0.24778892228886035,1715,2.4507037860920233,1.8902327888899908,2.761312264773418,2.60600301529582,1.4298798450614396
1,monomial,7,1.0,0.03162277660168379,1.5091016973270515,0.1787753647200544,1715,1.6015287881782363,1.26526059291909,1.9592689859922756,1.762176312606914,0.9572738069387418
1,monomial,7,1.0,0.1,0.9434871042037795,0.09338341550381211,1715,1.0364801134926824,0.8022748079437185,1.1769047618058182,1.0434854426378906,0.6582903951387877
1,monomial,7,1.0,0.31622776601683794,0.6240127487228826,0.03892867347659647,1715,0.7210314666285965,0.5370444372996506,0.6713817884146898,0.6640067054362683,0.5265993458352082
1,monomial,7,1.0,1.0,0.49300007718553446,0.027584770419378853,1715,0.5615395705599342,0.41448482887832344,0.4571195031493998,0.5476872385576435,0.4841692447823715
1,monomial,7,1.0,3.1622776601683795,0.47469328681344203,0.02618738309521265,1715,0.494837251686124,0.41460943141124507,0.42228369188291925,0.5575337648666225,0.4842022942202993
1,monomial,7,1.0,10.0,0.5569194569407292,0.02603467810280475,1715,0.5254015856345331,0.5260845758029005,0.531357150229713,0.6604335261859051,0.5413204468505947
1,monomial,7,1.0,31.622776601683793,0.8016465657448937,0.042099000092422775,1715,0.6791009192606433,0.8143339081115123,0.8785530468863509,0.9012205935978473,0.7350243608681148
1,monomial,7,1.0,100.0,1.383927951403773,0.11451529462125808,1715,1.0543177225634035,1.3995890835928806,1.7284703314505934,1.4994163506767353,1.2378462687352514
1,monomial,7,1.0,316.2277660168379,2.5832968963552903,0.23307839828414087,1715,1.9684143091562905,2.5074194471381683,3.3476692156564503,2.787009345653874,2.305972164171669
1,monomial,7,1.0,1000.0,4.504589870055643,0.3401189027267749,1715,3.657662234080629,4.307571708213553,5.647011842143136,4.807159999431734,4.103543566409162
1,monomial,7,2.0,9.999999999999999e-06,3.7259200443707785,0.30672393658934294,1715,4.406370590191222,3.041969523131335,4.069894246820196,4.177981333207498,2.93338452850364
1,monomial,7,2.0,3.1622776601683795e-05,3.48295087544495,0.2888208186940293,1715,4.054315569609042,2.859251571932929,3.8907831872352787,3.9066063676242715,2.7037976808232287
1,monomial,7,2.0,0.0001,2.989803729929384,0.2597967447597886,1715,3.345017538175102,2.474235506364596,3.4872651661007303,3.392919300705767,2.2495811383007234
1,monomial,7,2.0,0.00031622776601683794,2.2874088954352407,0.2275135955647118,1715,2.406688953557463,1.8915225077831626,2.8166166929915306,2.6866223454945755,1.6355939773494725
1,monomial,7,2.0,0.001,1.5498632787360553,0.16706669938864757,1715,1.5868671167323238,1.2782328270747807,1.9650114836392114,1.8432893346706158,1.075915631563345
1,monomial,7,2.0,0.0031622776601683794,0.9678129095197129,0.08344487961007453,1715,1.044571475117772,0.8412623855691208,1.1711501821449841,1.070232771691091,0.7118477330755962
1,monomial,7,2.0,0.01,0.6371801557953528,0.033020824242462034,1715,0.7359721389416825,0.5889604811991825,0.6704441211299785,0.6457682161046872,0.5447558216012338
1,monomial,7,2.0,0.03162277660168379,0.49968252328642937,0.022276757479280044,1715,0.5720705669248678,0.4584068536170163,0.4523854204581257,0.5252874553073571,0.49026232012478
1,monomial,7,2.0,0.1,0.471514656197512,0.02465239095801645,1715,0.4911792504597795,0.4350342920003472,0.40113225006434056,0.54411245378548,0.48611503467761236
1,monomial,7,2.0,0.31622776601683794,0.518862749036419,0.030646270036662905,1715,0.47934574178043,0.5044524321858251,0.4585536224987347,0.6345149481573576,0.5174470005597473
1,monomial,7,2.0,1.0,0.6466070351454782,0.03626102231295884,1715,0.5495778716734825,0.6896159914089204,0.6414372498429403,0.7576094991600268,0.5947945636420213
1,monomial,7,2.0,3.1622776601683795,0.9038299381813261,0.06511960453772175,1715,0.7449875216542317,1.0318300383762395,1.04615806415208,0.9395323193181223,0.756641747405956
1,monomial,7,2.0,10.0,1.4259962369519246,0.1316563273549194,1715,1.1618291141007142,1.5616518984707748,1.8493978679212126,1.4122149022162875,1.1448874020506328
1,monomial,7,2.0,31.622776601683793,2.5551614616089626,0.21826323871968775,1715,2.0778628581692518,2.582186292685705,3.32124511702368,2.60639812399987,2.188114916166306
1,monomial,7,2.0,100.0,4.5568717956696245,0.30446888240088504,1715,3.728684052643054,4.474368415750393,5.576230840009802,4.743708979352449,4.261366690592423
1,monomial,7,2.0,316.2277660168379,6.80144801760589,0.4029707699708729,1715,5.546797482218997,6.513488971068986,7.984490442734338,7.2326344607570885,6.7298287312500396
1,monomial,7,2.0,1000.0,8.46966158565266,0.5110448013265436,1715,6.889005545286641,7.804857569117187,9.77620437580826,9.198986532258086,8.679253905793116
1,monomial,8,0.0,9.999999999999999e-06,3.14960177272754,0.3597425490692379,3002,4.0191319869560145,2.8576953445893976,2.479334639093376,4.000116349545688,2.391730543453223
1,monomial,8,0.0,3.1622776601683795e-05,3.1494774600440434,0.359728290841188,3002,4.018944744046235,2.8575387373309944,2.4793013592974322,3.999996324126529,2.3916061354190252
1,monomial,8,0.0,0.0001,3.149084516294665,0.3596832305965187,3002,4.018352867255588,2.8570437417421872,2.4791961362574177,3.9996169429417385,2.391212893276394
1,monomial,8,0.0,0.00031622776601683794,3.1478435904223545,0.3595410188795199,3002,4.016483556282234,2.8554808251053805,2.4788635607040357,3.998418954191861,2.3899710558282616
1,monomial,8,0.0,0.001,3.143936045516141,0.3590940891191611,3002,4.010595810486707,2.850562280372965,2.4778135497725957,3.9946476154938275,2.386060971454611
1,monomial,8,0.0,0.0031622776601683794,3.131742098341381,0.3577077013756921,3002,3.992208056021964,2.835242537934461,2.474509857393225,3.982886940998037,2.373863099359216
1,monomial,8,0.0,0.01,3.094713704732699,0.3535673847593372,3002,3.9362409444283406,2.789011088170936,2.4642263219382983,3.9472099333648885,2.3368802357610323
1,monomial,8,0.0,0.03162277660168379,2.9905195798843534,0.342330239635258,3002,3.7777645610918094,2.6615865056391335,2.4332357803980877,3.846350762593258,2.2336602896994777
1,monomial,8,0.0,0.1,2.745060913261636,0.31682992109996927,3002,3.3999057418458256,2.3794786440037594,2.3477923909794844,3.5995315424779895,1.9985962470011192
1,monomial,8,0.0,0.31622776601683794,2.3165357588523143,0.27223632945026854,3002,2.740782428946669,1.9462550591133367,2.1536960106710263,3.123540191055897,1.6184051044746426
1,monomial,8,0.0,1.0,1.7776639916805823,0.21583560676118602,3002,1.976861988403429,1.470516848257859,1.8152131667539113,2.4428611817563257,1.1828667732313867
1,monomial,8,0.0,3.1622776601683795,1.260884007936224,0.15213543210710073,3002,1.367077295055215,1.0417139636799762,1.3547521128597944,1.7146215620600695,0.8262551060260647
1,monomial,8,0.0,10.0,0.8847979283251824,0.0908857428214493,3002,0.9780346049608488,0.7400131261861851,0.9206362783427444,1.1516324120874755,0.6336732200486583
1,monomial,8,0.0,31.622776601683793,0.6978566405046527,0.05106386810709348,3002,0.7795406224510895,0.6143286765646843,0.663753714759258,0.8512776473645609,0.5803825413836703
1,monomial,8,0.0,100.0,0.6630987367206319,0.030577112829920844,3002,0.7017853738463293,0.6239526006836729,0.6098365156533869,0.7654256318840419,0.6144935615357286
1,monomial,8,0.0,316.2277660168379,0.7576547820336128,0.019154937749504462,3002,0.7338479415229895,0.7380004582155856,0.7373862751996948,0.8339247234102025,0.745114511819591
1,monomial,8,0.0,1000.0,1.0517760962924503,0.031684041141985336,3002,0.9367812366124737,1.0472724850209785,1.1198482875987221,1.098433383819454,1.0565450884106227
1,monomial,8,1.0,9.999999999999999e-06,2.7784535558503882,0.3161007909282333,3002,3.6445911547769385,2.1555255517722935,2.3187578113815674,3.445895726689282,2.327497534631859
1,monomial,8,1.0,3.1622776601683795e-05,2.7753947840695368,0.3156969177246426,3002,3.6395988129961276,2.152841056879389,2.3175473127472053,3.4429011875872333,2.324085550137728
1,monomial,8,1.0,0.0001,2.7658115784908466,0.31443354367111626,3002,3.6239605940053337,2.1444451550402324,2.3137433840662154,3.43350504924897,2.31340371009348
1,monomial,8,1.0,0.00031622776601683794,2.736370037016929,0.3105706579962322,3002,3.5759446746960037,2.1187884150843668,2.301948223938903,3.4045029046510917,2.280665966714282
1,monomial,8,1.0,0.001,2.651012299104429,0.2995254582917726,3002,3.4369913021122565,2.0455192597602583,2.2668094594109123,3.3192465331312753,2.186494941107443
1,monomial,8,1.0,0.0031622776601683794,2.4383304105482697,0.2730378535990279,3002,3.0931973235237917,1.8691926333042506,2.172856766355211,3.098989230336062,1.9574160992220313
1,monomial,8,1.0,0.01,2.0459023549585647,0.22878447683404055,3002,2.4799856709002173,1.5590280350925418,1.9715308643900464,2.6607346972916313,1.5582325071183871
1,monomial,8,1.0,0.03162277660168379,1.5459780370216687,0.17721472369123814,3002,1.7833802018351066,1.1764085761853718,1.636748047418834,2.0282304303350456,1.105122929333986
1,monomial,8,1.0,0.1,1.066662651001408,0.11381344365809648,3002,1.218528624037463,0.8327304476980129,1.1832420626610891,1.3384528649666085,0.7603592556438664
1,monomial,8,1.0,0.31622776601683794,0.7210690376794169,0.054652101167190104,3002,0.8338933424236366,0.6031639305788322,0.7599267778726289,0.8287312421445975,0.5796298953773892
1,monomial,8,1.0,1.0,0.545991487305218,0.028262564465217115,3002,0.6240166888527975,0.4825651590251982,0.5081925190794543,0.6032354588346176,0.5119476107340222
1,monomial,8,1.0,3.1622776601683795,0.4983567392803711,0.023830322051517763,3002,0.5278373473469047,0.46368853474012334,0.4311412687544868,0.5673277157879013,0.5017888297724394
1,monomial,8,1.0,10.0,0.5605637033505493,0.021839776251138338,3002,0.5348781308583849,0.556919924549524,0.515100958293896,0.642696206176607,0.5532232968743348
1,monomial,8,1.0,31.622776601683793,0.7883136013771551,0.03174481863878238,3002,0.6852857573039668,0.8272762655138328,0.8356011221912569,0.8498295888221996,0.7435752730545192
1,monomial,8,1.0,100.0,1.3324689557752472,0.09830697435099961,3002,1.0390777159138602,1.3765315170488341,1.6333067595064044,1.3886757134932886,1.2247530729138485
1,monomial,8,1.0,316.2277660168379,2.411552016453953,0.22573013297341735,3002,1.8009930188539471,2.3529334362669054,3.1639262097089698,2.5614421758161194,2.1784652416238237
1,monomial,8,1.0,1000.0,4.1505067830687965,0.34723060311980763,3002,3.278567745971398,3.960576572763562,5.329110751910376,4.423130247519859,3.76114859717879
1,monomial,8,2.0,9.999999999999999e-06,2.816359351864006,0.27971957787533025,3002,3.4846508308834556,2.0846696463542447,2.583700859445186,3.4567913843125284,2.471984038324618
1,monomial,8,2.0,3.1622776601683795e-05,2.7208032756562224,0.26885893699758046,3002,3.338465234661625,2.0126287750316423,2.532926286232957,3.3542838959620767,2.3657121863928134
1,monomial,8,2.0,0.0001,2.4859689590310396,0.24431174131655853,3002,2.9803306534899607,1.8382242256064036,2.400971530268461,3.102230932024209,2.1080874537661636
1,monomial,8,2.0,0.00031622776601683794,2.060807231892741,0.20865638654111918,3002,2.3632412774351756,1.5243223766075258,2.128600123667172,2.6302748985774507,1.6575974831763816
1,monomial,8,2.0,0.001,1.5266831516036752,0.16452496457895766,3002,1.6957790435606388,1.1339435450705648,1.6929352621980005,1.9611158127759833,1.1496420944131873
1,monomial,8,2.0,0.0031622776601683794,1.029859004077157,0.09865939514779881,3002,1.1641523551651383,0.8097935085105478,1.1602692641835288,1.2422811675142227,0.7727987250123469
1,monomial,8,2.0,0.01,0.692081292744598,0.0415481822267889,3002,0.801683264640136,0.6132233704209709,0.7173505734698375,0.7479989436092012,0.5801503115828436
1,monomial,8,2.0,0.03162277660168379,0.5286182547849413,0.023064810875024908,3002,0.6024025295628348,0.49799027307955857,0.47384264595717596,0.5588169058193789,0.5100389195057584
1,monomial,8,2.0,0.1,0.4818422833600306,0.024925965771382043,3002,0.5035684540737871,0.4595455812060636,0.3993856515763898,0.5479633326422918,0.498748397301621
1,monomial,8,2.0,0.31622776601683794,0.5170575131962416,0.029661359879617908,3002,0.4774946990379651,0.5119129244375489,0.44917617067987037,0.6236423068675732,0.5230614649582501
1,monomial,8,2.0,1.0,0.6385341052538008,0.03453806844526157,3002,0.5410342421225078,0.6857018219043163,0.6327255918061079,0.7391196782944858,0.5940891921415865
1,monomial,8,2.0,3.1622776601683795,0.8971589175509926,0.0651228378482449,3002,0.7336330524070641,1.0266062797006115,1.0426129957777093,0.9250271105635047,0.7579151493060738
1,monomial,8,2.0,10.0,1.4187173354478593,0.13334507125775588,3002,1.1396246882327072,1.5563775378717604,1.8492724865954462,1.399856848751671,1.14845511578771
1,monomial,8,2.0,31.622776601683793,2.521647373737848,0.222266384779989,3002,2.021464013677371,2.5476880030848377,3.301623989097611,2.571282529648916,2.166178333180504
1,monomial,8,2.0,100.0,4.483697935241393,0.3083903354763407,3002,3.645134867243442,4.405619998983875,5.520064255006416,4.660040244447095,4.187630310526137
1,monomial,8,2.0,316.2277660168379,6.719036026284263,0.4016856164898275,3002,5.47549656162265,6.445545290980834,7.915782770193704,7.126509103173513,6.6318464054506165
1,monomial,8,2.0,1000.0,8.416691928110264,0.5077718134607919,3002,6.847867751470832,7.764099025657828,9.730335747977168,9.127357905421379,8.613799210024117
1,legendre,4,0.0,9.999999999999999e-06,0.8474331769699266,0.07033242973445337,209,0.7516723394165932,0.7357631575829598,0.8484197443769123,1.1179605615716364,0.7833500819015307
1,legendre,4,0.0,3.1622776601683795e-05,0.8474327318182686,0.07033243115267966,209,0.751671803766679,0.735762619820526,0.8484193676452909,1.117960087338443,0.7833497805204045
1,legendre,4,0.0,0.0001,0.8474313241412659,0.07033243563683274,209,0.7516701099123221,0.7357609192866582,0.8484181763291554,1.1179585876952192,0.7833488274829749
1,legendre,4,0.0,0.00031622776601683794,0.8474268728371299,0.07033244981023871,209,0.7516647536685291,0.735755541929037,0.848414409195323,1.1179538455450095,0.7833458138477508
1,legendre,4,0.0,0.001,0.8474127981913231,0.07033249456317772,209,0.7516478176782109,0.7357385392573121,0.8484024978576901,1.1179388509297097,0.7833362852336934
1,legendre,4,0.0,0.0031622776601683794,0.8473683063857027,0.07033263541151145,209,0.7515942807648057,0.7356847923426928,0.8483648447515758,1.1178914475912254,0.783306166478214
1,legendre,4,0.0,0.01,0.8472277720819475,0.07033307408948383,209,0.7514251758540045,0.7355150319911367,0.8482459135410977,1.1177416828920967,0.7832110561314019
1,legendre,4,0.0,0.03162277660168379,0.8467849691680407,0.0703343942425553,209,0.7508923486774441,0.7349802186155954,0.8478711992128222,1.117269458300299,0.7829116210340423
1,legendre,4,0.0,0.1,0.8454005774377032,0.07033790352921335,209,0.7492264701871683,0.7333089262279817,0.8466999002106904,1.1157897198183724,0.7819778707443032
1,legendre,4,0.0,0.31622776601683794,0.841175954066057,0.07034251297745725,209,0.7441423165112107,0.7282163759722372,0.8431281597294374,1.1112411029268698,0.7791518151905301
1,legendre,4,0.0,1.0,0.8291926511637386,0.07029732762762025,209,0.7297100382596714,0.7138452322584553,0.8330331541205176,1.098026676038473,0.7713481551415761
1,legendre,4,0.0,3.1622776601683795,0.8014915615305828,0.06969804083978094,209,0.6961561408472943,0.6812998028681998,0.8102077367267567,1.0648732726939953,0.7549208545166681
1,legendre,4,0.0,10.0,0.7640295749120016,0.06588749347858193,209,0.648671154764773,0.6419098177485422,0.784301504307017,1.004166359126591,0.741099038613085
1,legendre,4,0.0,31.622776601683793,0.7788812021928423,0.05560783753602658,209,0.6488976972827031,0.6768424906961036,0.8280129455786209,0.9580721820387724,0.7825806953680116
1,legendre,4,0.0,100.0,0.9854482630368142,0.057325365857898894,209,0.8045450871336319,0.9311295264317128,1.1185147364680315,1.0962039265692223,0.9768480385814723
1,legendre,4,0.0,316.2277660168379,1.5657384940202344,0.11466447239458898,209,1.2327219714980528,1.5452564456178401,1.924048180193544,1.6711334498234023,1.4555324229683313
1,legendre,4,0.0,1000.0,2.7244853810821916,0.2303416917756684,209,2.1268837799249978,2.6391923684397574,3.478260509480336,2.9400972695851175,2.437992977980749
1,legendre,4,1.0,9.999999999999999e-06,0.8474308689311749,0.07033230854081665,209,0.7516698618578066,0.7357608674959648,0.8484175597871907,1.1179577065518727,0.7833483489630401
1,legendre,4,1.0,3.1622776601683795e-05,0.8474254334005635,0.07033204791050833,209,0.7516639693095761,0.7357553781944917,0.8484124595757617,1.1179510592464066,0.7833443006765817
1,legendre,4,1.0,0.0001,0.847408246934401,0.07033122377625267,209,0.7516453379001631,0.7357380219031682,0.8483963331923883,1.117930041092843,0.783331500583443
1,legendre,4,1.0,0.00031622776601683794,0.8473539204538862,0.07032861814578162,209,0.7515864448398965,0.735683160519962,0.848345356095131,1.1178636005615183,0.783291040252924
1,legendre,4,1.0,0.001,0.847182343662461,0.07032038350969025,209,0.751400454525274,0.7355099135108755,0.8481843421451984,1.1176537437769436,0.7831632643540137
1,legendre,4,1.0,0.0031622776601683794,0.8466419454253344,0.0702943936552982,209,0.7508147478471324,0.7349644457882005,0.8476770609936715,1.1169925708209107,0.7827609016767565
1,legendre,4,1.0,0.01,0.8449544657728023,0.0702126929181065,209,0.748986652414187,0.7332630344252932,0.84609153852424,1.114925856185826,0.7815052473144652
1,legendre,4,1.0,0.03162277660168379,0.8398220264140648,0.0699587043115374,209,0.7434346889513301,0.728106843282401,0.84125638373896,1.10861861585369,0.7776936002439424
1,legendre,4,1.0,0.1,0.8253546016093913,0.06918754263171176,209,0.7278518462874695,0.713747756871897,0.8275413690339188,1.0906216648247127,0.7670103710289593
1,legendre,4,1.0,0.31622776601683794,0.7916072191485247,0.06690258440983132,209,0.6918691223293955,0.6817059612769212,0.7953517509858606,1.0466775759480904,0.7424316852023556
1,legendre,4,1.0,1.0,0.7376571328424972,0.060553707027377016,209,0.634838594933417,0.6389677688309061,0.7455999982643517,0.9652582002351198,0.7036211019486919
1,legendre,4,1.0,3.1622776601683795,0.7024944538095511,0.04864145090839001,209,0.5932953177831999,0.6414322045861189,0.7273690265059919,0.8763791599624946,0.67399656020995
1,legendre,4,1.0,10.0,0.7879281277834128,0.046439121743954065,209,0.652619210003359,0.797994975484156,0.8753360970651787,0.8973054822608661,0.7163848741035038
1,legendre,4,1.0,31.622776601683793,1.1624240374590753,0.09135173066515694,209,0.9345951849326497,1.235420462297753,1.431730590618094,1.228860188379538,0.9815137610673424
1,legendre,4,1.0,100.0,2.1047651836238694,0.1826168754511358,209,1.6627443730647813,2.13855757987592,2.712280130778808,2.207015662614442,1.8032281717853977
1,legendre,4,1.0,316.2277660168379,3.906779014533059,0.2863080793638795,209,3.1596397792244044,3.793287561858327,4.865764996257446,4.125797177068227,3.5894055582568902
1,legendre,4,1.0,1000.0,6.280028760361749,0.3942852656290252,209,5.156239150320767,5.853135514556489,7.480500389674917,6.739405721561994,6.170863025694581
1,legendre,4,2.0,9.999999999999999e-06,0.8473975480075874,0.07032987309815555,209,0.7516357568200365,0.7357302230714711,0.8483843881727908,1.117914424703097,0.7833229472705419
1,legendre,4,2.0,3.1622776601683795e-05,0.8473201149195771,0.07032434995994402,209,0.751556173076734,0.7356585233058006,0.8483076063032836,1.1178142575373533,0.783264014374714
1,legendre,4,2.0,0.0001,0.847075714773265,0.07030691655305911,209,0.7513049887244738,0.7354322515563276,0.8480652030101737,1.1174981095024323,0.7830780210729174
1,legendre,4,2.0,0.00031622776601683794,0.8463074651653024,0.07025210655639202,209,0.7505154524513908,0.7347213092326796,0.8473026536795345,1.1165043922272102,0.7824935182356962
1,legendre,4,2.0,0.001,0.8439230458190969,0.07008186450426396,209,0.7480653628978529,0.7325179103523805,0.8449304354031769,1.1134206632611945,0.7806808571808805
1,legendre,4,2.0,0.0031622776601683794,0.8368003883138566,0.06957121344652309,209,0.7407506436574444,0.7259656162715661,0.8377970279625394,1.104209022773182,0.7752796309045518
1,legendre,4,2.0,0.01,0.817646374413488,0.0681617835817938,209,0.7211175006397303,0.7085954625663609,0.8183129476628672,1.0793441394624637,0.7608618217360184
1,legendre,4,2.0,0.03162277660168379,0.7769491860049664,0.06474339671305884,209,0.6795342987817237,0.6734017491188842,0.7760556749247465,1.0249293544468634,0.7308248527526143
1,legendre,4,2.0,0.1,0.7197793010881508,0.05767837094884247,209,0.6200008374595403,0.632297367840015,0.7174807961090199,0.9389683322255454,0.6901491718066335
1,legendre,4,2.0,0.31622776601683794,0.6867220201147889,0.047165484911571916,209,0.5782169607415943,0.6385839381081512,0.6940156055523283,0.8593641272610266,0.663429468910844
1,legendre,4,2.0,1.0,0.7461232219352883,0.041730875733685384,209,0.6212212819087672,0.7785736772530177,0.800037076665294,0.8506167836924196,0.6801672901569435
1,legendre,4,2.0,3.1622776601683795,0.9895830369917451,0.0749859669637547,209,0.8304125100462445,1.1214403837166316,1.183937628440805,1.00096007778497,0.8111645849700742
1,legendre,4,2.0,10.0,1.5993056532412218,0.14145945494622167,209,1.336274042345428,1.734560258407301,2.0666817093799885,1.56484270098241,1.294169555090981
1,legendre,4,2.0,31.622776601683793,2.9572093650677127,0.21915555550938043,209,2.4356039338444053,2.990269164155276,3.7259073547154244,2.986364836745314,2.647901535878144
1,legendre,4,2.0,100.0,5.125395777778017,0.30906508227937496,209,4.191700019990293,5.028166818790444,6.104027541309801,5.338753175605968,4.964331333193579
1,legendre,4,2.0,316.2277660168379,7.26817271981916,0.42248030806016285,209,5.900912359714706,6.920971374056846,8.418390038460018,7.771266407974672,7.329323418889558
1,legendre,4,2.0,1000.0,8.736701057569487,0.529697335663418,209,7.089356736677442,8.012655994840166,10.028615160105124,9.523344848473661,9.029532547751039
1,legendre,5,0.0,9.999999999999999e-06,4.57019953670849,0.9675114058109083,461,6.167236475865055,1.9916942381264822,5.977296874625762,6.287650173759745,2.427119921165402
1,legendre,5,0.0,3.1622776601683795e-05,4.5698458894768255,0.9674179872194286,461,6.1667608252945705,1.991559252555136,5.976928015570676,6.286985126844582,2.426996227119162
1,legendre,5,0.0,0.0001,4.568728038522648,0.9671227299204794,461,6.165257244948141,1.9911325436807048,5.975761878119985,6.2848833260217685,2.426605199842638
1,legendre,5,0.0,0.00031622776601683794,4.565197873143071,0.9661906230705747,461,6.160508087378261,1.9897846996129254,5.972077198127093,6.278249442786462,2.425369937810611
1,legendre,5,0.0,0.001,4.554082151344349,0.9632587181554552,461,6.145545512459843,1.9855376597740004,5.960454839919502,6.257396351923193,2.4214763926452036
1,legendre,5,0.0,0.0031622776601683794,4.519399625825811,0.9541405418191312,461,6.098778330915361,1.9722575990351618,5.923995403382305,6.1926775164794865,2.4092892793167384
1,legendre,5,0.0,0.01,4.414171767379106,0.926738742460162,461,5.956156837239771,1.9317068941215705,5.811559224620748,5.99948062134621,2.3719552595672266
1,legendre,5,0.0,0.03162277660168379,4.119590670989263,0.8518526277061013,461,5.551811180064377,1.8163033163708717,5.482323005503881,5.482913430173306,2.26460242283388
1,legendre,5,0.0,0.1,3.443610731662809,0.6868863444572223,461,4.606389395094766,1.5437097725343762,4.64842190884236,4.416754839296556,2.002777742545988
1,legendre,5,0.0,0.31622776601683794,2.379971279691875,0.4360605740149022,461,3.1246469964887935,1.107679040347333,3.1419000137568465,2.9775600643290123,1.548070283537389
1,legendre,5,0.0,1.0,1.3885479890790717,0.21206699235220539,461,1.8069124967764565,0.7127936122974885,1.612694679875489,1.7345485790863635,1.0757905773595617
1,legendre,5,0.0,3.1622776601683795,0.8523258631347044,0.10365566602643458,461,1.096226593355881,0.5099516267505201,0.8221632978494663,1.037057474219318,0.7962303234983372
1,legendre,5,0.0,10.0,0.6966887405784224,0.07434708100992013,461,0.8168651153930627,0.4627279470551498,0.6072711840871038,0.8780667121801302,0.7185127441766661
1,legendre,5,0.0,31.622776601683793,0.7531361507066615,0.08272041348292032,461,0.7530552228677798,0.5154871038144669,0.6806564889467924,1.0244475725572548,0.7920343653470138
1,legendre,5,0.0,100.0,0.9898805465964372,0.1096719806355727,461,0.8396994100186392,0.7171702681249594,1.003053999627824,1.367258588723251,1.022220466487513
1,legendre,5,0.0,316.2277660168379,1.5161664685573726,0.15957815136397835,461,1.1210748196385396,1.2411892083428637,1.7092881909939623,2.0061937480729037,1.5030863757385933
1,legendre,5,0.0,1000.0,2.529644201896911,0.251434317416113,461,1.7960162621658362,2.262324315901924,3.0603151310775023,3.1270826841870933,2.4024826161521977
1,legendre,5,1.0,9.999999999999999e-06,4.567215262986339,0.9667276816480179,461,6.162928191813835,1.9905242091453936,5.974354561029386,6.282186023599488,2.4260833293435926
1,legendre,5,1.0,3.1622776601683795e-05,4.560429469953963,0.9649464758113815,461,6.1531645880419585,1.9878660257880145,5.9676359939370505,6.26975752248542,2.42372321951737
1,legendre,5,1.0,0.0001,4.539155480661607,0.9593746737539549,461,6.122537366688624,1.9795203168999258,5.946501154131741,6.2309140241476,2.4163045414401454
1,legendre,5,1.0,0.00031622776601683794,4.473666429580671,0.9423382769969029,461,6.028096336311955,1.95371555915277,5.880757829841678,6.112481357518968,2.3932810650779826
1,legendre,5,1.0,0.001,4.282712370716409,0.8935950394073747,461,5.751555689458043,1.8775344572609758,5.6831599042576135,5.776765210484547,2.324546592120863
1,legendre,5,1.0,0.0031622776601683794,3.800687696312979,0.7756363922499283,461,5.049534377708257,1.6797886674004456,5.145231287877536,4.988342365339859,2.1405417832388
1,legendre,5,1.0,0.01,2.902252792616268,0.5676256632311937,461,3.7574469449829673,1.2978167348223677,3.998240226221237,3.6976682107700185,1.7600918462847495
1,legendre,5,1.0,0.03162277660168379,1.8397339939937534,0.327327350107814,461,2.323927899510072,0.8492274069388444,2.4389206353885955,2.3243240510411645,1.2622699770900898
1,legendre,5,1.0,0.1,1.0598729731470304,0.14917068440015113,461,1.3413287018807671,0.560875041288308,1.2298942122415393,1.2919424272415387,0.8753244830829996
1,legendre,5,1.0,0.31622776601683794,0.6624966428878734,0.06353135075614402,461,0.8245672450474146,0.4472006621029719,0.6451951812617683,0.7493306601557161,0.6461894658714957
1,legendre,5,1.0,1.0,0.5087368379234538,0.03780485953497697,461,0.5916018835975542,0.40133239354754535,0.4453011872313543,0.5865469230369265,0.5189018022038883
1,legendre,5,1.0,3.1622776601683795,0.48945824657008696,0.035545492639364046,461,0.5114514398709564,0.411613930204264,0.43904239075950524,0.6151799887788431,0.4700034832368659
1,legendre,5,1.0,10.0,0.6020283723091646,0.04517557264049405,461,0.542484445740076,0.5461813644319643,0.6221986597738842,0.7704938849430438,0.5287835066568551
1,legendre,5,1.0,31.622776601683793,0.9761905227753271,0.08739864150394917,461,0.7525483072706685,0.9510237365647856,1.1713924700482115,1.179884672541323,0.8261034274516472
1,legendre,5,1.0,100.0,1.8890432060909266,0.18068821409811583,461,1.3940207294162303,1.8491751997063062,2.416530851542933,2.145783442891224,1.6397058068979404
1,legendre,5,1.0,316.2277660168379,3.6189470226746976,0.28738684603486614,461,2.8625774127651846,3.4741996094228087,4.542061989400688,3.9291909406857135,3.2867051610990927
1,legendre,5,1.0,1000.0,5.945420806339609,0.38772537064026136,461,4.893821787227218,5.551197643290886,7.169401368419335,6.38996684993669,5.722716382823915
1,legendre,5,2.0,9.999999999999999e-06,4.501621453825073,0.9492895630832219,461,6.065057931184492,1.965601018382447,5.911060284134869,6.162734030291313,2.4036540051322435
1,legendre,5,2.0,3.1622776601683795e-05,4.362667514903661,0.9129924392233822,461,5.857770153859123,1.9120881445670008,5.773307804503276,5.915105366478804,2.355066105110102
1,legendre,5,2.0,0.0001,3.993012279719044,0.8200329587411366,461,5.306083497420105,1.7657798409097634,5.3837321186111655,5.290425808085802,2.2190401335683885
1,legendre,5,2.0,0.00031622776601683794,3.2310204463302568,0.6404576761955361,461,4.1856978670367635,1.448973704933439,4.475483266227095,4.136239814495915,1.9087075789580705
1,legendre,5,2.0,0.001,2.1943226769663964,0.40776848817569666,461,2.7557726404251426,1.0007747245219858,3.0340326047410087,2.7459005269337897,1.4351328882100565
1,legendre,5,2.0,0.0031622776601683794,1.3080123251956761,0.2053728430699737,461,1.6345738471886935,0.6435017913391123,1.6693665086192797,1.5830959570539191,1.009523521777376
1,legendre,5,2.0,0.01,0.7852871997022703,0.08323695731922391,461,0.9697382524004123,0.487599666216458,0.8555940340123346,0.877685916873656,0.7358181290084908
1,legendre,5,2.0,0.03162277660168379,0.5442222842720289,0.035925081641428463,461,0.6345783795971107,0.42651631682996005,0.5067516394197112,0.5886411261299375,0.564623959383425
1,legendre,5,2.0,0.1,0.45673492966864504,0.025520962421816853,461,0.4887354617932321,0.39924404098863253,0.39843273175272365,0.5285261207442792,0.4687362930643581
1,legendre,5,2.0,0.31622776601683794,0.45731902058517004,0.025840552024602927,461,0.4399318013046901,0.42863439846623574,0.4182142245243983,0.5593751658218882,0.44043951280863797
1,legendre,5,2.0,1.0,0.5556625558836634,0.03228235933640954,461,0.4852913545501353,0.5740307629242001,0.5776914005048492,0.6561453109024712,0.4851539505366612
1,legendre,5,2.0,3.1622776601683795,0.8260303450773947,0.0668904805972521,461,0.6831239650226514,0.9199941040037685,0.9939082372776374,0.8783203052489453,0.6548051138339706
1,legendre,5,2.0,10.0,1.4457239751939397,0.13693031426738933,461,1.1729064914404497,1.5556785006029685,1.8923071452563178,1.4600588358931534,1.1476689027768094
1,legendre,5,2.0,31.622776601683793,2.7912885153747773,0.22058101317170029,461,2.2762318712410456,2.8116350292963643,3.5607644895762833,2.85085854557562,2.456952641184574
1,legendre,5,2.0,100.0,4.9813574277076516,0.30889704651584654,461,4.074570197808119,4.878951390249964,5.975803937836094,5.196775314993365,4.780686297650713
1,legendre,5,2.0,316.2277660168379,7.187068183127801,0.41967852507621994,461,5.841636621027393,6.844141542686377,8.349123247916324,7.680379532567324,7.220059971441584
1,legendre,5,2.0,1000.0,8.698677020123986,0.5272149512805645,461,7.062752179261683,7.980684178384666,9.996375057624324,9.477314411471891,8.976259273877371
1,legendre,6,0.0,9.999999999999999e-06,6.415246651608582,0.7278406848834379,923,5.22323570880756,4.504509843715391,7.838965647916579,8.276203992251066,6.233318065352317
1,legendre,6,0.0,3.1622776601683795e-05,6.414697650902644,0.7277174344812212,923,5.222929090513692,4.504329746855733,7.838190956623466,8.2753861672696,6.232652293250733
1,legendre,6,0.0,0.0001,6.41296257760563,0.7273279658921553,923,5.221959971121775,4.503760418727636,7.835742552674461,8.272801675531728,6.2305482699725525
1,legendre,6,0.0,0.00031622776601683794,6.407485965115887,0.7260991856377006,923,5.218900262089234,4.5019619240552835,7.828013841838661,8.264645734377508,6.223908063218749
1,legendre,6,0.0,0.001,6.3902684054097305,0.7222415112515213,923,5.209273445706117,4.496293277488602,7.8037108651482825,8.239022522686337,6.203041916019311
1,legendre,6,0.0,0.0031622776601683794,6.336810147490568,0.7103168196134496,923,5.179309153035323,4.478551385425982,7.7282047028762735,8.159637478780523,6.13834801733474
1,legendre,6,0.0,0.01,6.177007160673982,0.6751642085488602,923,5.089043337564259,4.42419801429344,7.502101075363553,7.923890065472224,5.94580331067643
1,legendre,6,0.0,0.03162277660168379,5.747764662766343,0.5847880666117219,923,4.840882142675902,4.2675504049237265,6.892916594313706,7.302408616960513,5.435065554957869
1,legendre,6,0.0,0.1,4.850299635292009,0.41988178516993113,923,4.286825598567945,3.8796302324776994,5.6248992637755295,6.060087867714602,4.400055213924264
1,legendre,6,0.0,0.31622776601683794,3.61190318122094,0.2662908303008878,923,3.3949181855573007,3.164714103611945,3.957192554028392,4.478836552421869,3.0638545104851933
1,legendre,6,0.0,1.0,2.501534921868605,0.1952540111689787,923,2.4163768260733494,2.2803139806528305,2.6179087585043566,3.1773550981941816,2.0157199459183075
1,legendre,6,0.0,3.1622776601683795,1.735245559252218,0.1463124302536849,923,1.697197443352384,1.5352236525482246,1.7699036888555721,2.2640350675967023,1.4098679439082062
1,legendre,6,0.0,10.0,1.2714173042937986,0.10714811788978618,923,1.274064763987114,1.0829612885445363,1.2632655903249295,1.6643830477543848,1.0724118308580288
1,legendre,6,0.0,31.622776601683793,1.0742921273390185,0.08155700145925733,923,1.0588243726125626,0.923298463263051,1.0388656649191907,1.3854242683579616,0.9650478675423264
1,legendre,6,0.0,100.0,1.1254909667511903,0.06898599002803409,923,1.03709074363549,0.9968152996926813,1.1209265366998387,1.388341156572848,1.0842810971550936
1,legendre,6,0.0,316.2277660168379,1.468596035171664,0.08508864571246144,923,1.2463297624621528,1.33850335704922,1.612570916997924,1.707016280185187,1.438559859163837
1,legendre,6,0.0,1000.0,2.260617405526591,0.16487715119040744,923,1.774311764550324,2.133342816199195,2.7175343489539947,2.5259687220488862,2.151929375880554
1,legendre,6,1.0,9.999999999999999e-06,6.289311256519524,0.7260233977903751,923,5.36179381740166,4.54363246261146,8.796566065860752,5.963367873226001,6.78119606349775
1,legendre,6,1.0,3.1622776601683795e-05,6.273457100155625,0.7227349118105784,923,5.352742594362049,4.5374287938629525,8.77157332917391,5.945192372497983,6.760348410881228
1,legendre,6,1.0,0.0001,6.224107932904882,0.7125239408950708,923,5.324489464195266,4.517988294952454,8.693719047546855,5.888807212491903,6.695535645337931
1,legendre,6,1.0,0.00031622776601683794,6.075472209314148,0.682003358537839,923,5.2386524550707,4.458214417434904,8.458707154340905,5.720724691022148,6.501062328702079
1,legendre,6,1.0,0.001,5.668030852642409,0.6002593860954736,923,4.997283432039769,4.2843418635865715,7.8110709664327285,5.273598272328118,5.9738597288248565
1,legendre,6,1.0,0.0031622776601683794,4.778953599112059,0.4336555773642693,923,4.433347186538494,3.8463429202052097,6.390506871448951,4.368076304879011,4.8564947124886295
1,legendre,6,1.0,0.01,3.478307468573585,0.23264659752685116,923,3.469916385801349,3.0275422994739394,4.36244332008682,3.205696520700851,3.325938816804964
1,legendre,6,1.0,0.03162277660168379,2.2563925354696606,0.10887128238489628,923,2.3449699895930607,2.0319607249864915,2.6281751279922543,2.2183976527685756,2.0584591820079203
1,legendre,6,1.0,0.1,1.405563179623853,0.05971333162576334,923,1.4823709926899413,1.2395648610163628,1.5406463771973695,1.4789449647294874,1.2862887024861034
1,legendre,6,1.0,0.31622776601683794,0.8975627031955715,0.04015680309601819,923,0.9702344928692244,0.7831049633080338,0.924098816353647,0.9859625231367868,0.8244127203101655
1,legendre,6,1.0,1.0,0.6406492295108326,0.03159535941391031,923,0.6746988018821012,0.5824756349500528,0.6133016433961909,0.7480833829427119,0.5846866843831059
1,legendre,6,1.0,3.1622776601683795,0.5673238583740975,0.03471832067369329,923,0.5388108420261888,0.5484218316299777,0.5299785998561853,0.7044408404366698,0.5149671779214657
1,legendre,6,1.0,10.0,0.6598655075123134,0.04485550996829787,923,0.5599480522192728,0.6597934621171289,0.6831096969109155,0.8139352216423712,0.5825411046718786
1,legendre,6,1.0,31.622776601683793,1.0156879181470262,0.08264621851109771,923,0.7822710156880774,1.030619094786749,1.2094742253790234,1.1764347210516977,0.8796405338295836
1,legendre,6,1.0,100.0,1.8723932624142763,0.17269078795093765,923,1.3823796757748523,1.874994891325826,2.387161253831953,2.0719777833254005,1.6454527078133492
1,legendre,6,1.0,316.2277660168379,3.461018860898471,0.28659720157985297,923,2.6782262140146544,3.3640506220103084,4.373961243744887,3.7498603073147905,3.138995917407714
1,legendre,6,1.0,1000.0,5.654979528137645,0.3837583890288111,923,4.608746700327689,5.319635828952852,6.884349494034524,6.0592729706047095,5.40289264676845
1,legendre,6,2.0,9.999999999999999e-06,6.635243288378031,0.8098175939407516,923,6.033625962807157,5.03969197737118,9.563723775360597,5.443464841170517,7.0957098851807014
1,legendre,6,2.0,3.1622776601683795e-05,6.212639488406827,0.7288791629962506,923,5.768164132554225,4.833163761704402,8.866149611456411,5.04301396117499,6.552705975144113
1,legendre,6,2.0,0.0001,5.266720422815922,0.5537360188017052,923,5.129386440823014,4.310164480620966,7.293021582931597,4.226920902652736,5.374108707051297
1,legendre,6,2.0,0.00031622776601683794,3.830860953297306,0.31396940583242183,923,3.994570519225001,3.3297803665534493,4.948948305189798,3.177087850520504,3.703917724997775
1,legendre,6,2.0,0.001,2.444327159709541,0.13831003583930696,923,2.6304894917002986,2.1569970419259517,2.895802276945433,2.2594032553753265,2.2789437326006947
1,legendre,6,2.0,0.0031622776601683794,1.4747635983451404,0.06781627955571784,923,1.582790273145816,1.2577366223682895,1.638732353305422,1.4963403876803594,1.3982183552258152
1,legendre,6,2.0,0.01,0.9029996405635936,0.038909236526676605,923,0.9873170549050159,0.7641924265384604,0.9456311389117156,0.9406616638436047,0.8771959186191713
1,legendre,6,2.0,0.03162277660168379,0.6077278866122356,0.021338739264839725,923,0.6562126366990066,0.5413200486646491,0.5854881287504287,0.650666802975518,0.604951815971576
1,legendre,6,2.0,0.1,0.4876828988871614,0.02101579495773309,923,0.4824258650432912,0.4644827963432906,0.4339140633875401,0.5603850340266653,0.4972067356350198
1,legendre,6,2.0,0.31622776601683794,0.47722130924094397,0.026512898904035954,923,0.4245409405494355,0.4791403603759611,0.43641134255221753,0.5750726249541555,0.47094127777295036
1,legendre,6,2.0,1.0,0.5698924132483192,0.035359820457872906,923,0.4711552725658462,0.6110220666115607,0.5956872691525309,0.6645206140019723,0.5070768439096864
1,legendre,6,2.0,3.1622776601683795,0.8362935782121184,0.07093443127957652,923,0.6681707056502268,0.9428495299986771,1.0130082557167148,0.8863227190757913,0.6711166806191828
1,legendre,6,2.0,10.0,1.4512869189958952,0.13976763699664108,923,1.1503815368610142,1.5710468492552572,1.90084323273868,1.4715002086385995,1.162662767485926
1,legendre,6,2.0,31.622776601683793,2.7725817018377903,0.22351658408317082,923,2.2288034630632803,2.8026536719293227,3.5426491418761215,2.840270694652735,2.448531537667489
1,legendre,6,2.0,100.0,4.92626175486796,0.3105483989319291,923,4.010722746954597,4.837217454236847,5.92546621552281,5.134184678640361,4.72371767898518
1,legendre,6,2.0,316.2277660168379,7.127444897271316,0.41735272322237127,923,5.791187085839068,6.798222251819975,8.294894601469405,7.603106799716338,7.149813747511791
1,legendre,6,2.0,1000.0,8.664375051097448,0.5247404247205554,923,7.036225071901548,7.954606741383543,9.96481130601391,9.431196619485997,8.935035516702246
1,legendre,7,0.0,9.999999999999999e-06,2.0415926689834802,0.12804136212316933,1715,2.0746396043030133,1.7527770501628417,1.8848566873224635,2.5064364064302773,1.9892535966988056
1,legendre,7,0.0,3.1622776601683795e-05,2.041590167991829,0.1280413342485132,1715,2.074635972784735,1.752775238840917,1.8848544131762384,2.5064343151982915,1.9892508999589649
1,legendre,7,0.0,0.0001,2.041582259055503,0.12804124618704216,1715,2.0746244886761778,1.7527695105211414,1.884847221449737,2.5064277022879082,1.9892423723425492
1,legendre,7,0.0,0.00031622776601683794,2.041557250590997,0.128040967808105,1715,2.074588175360172,1.75275139690868,1.8848244809102563,2.5064067918870876,1.9892154078887867
1,legendre,7,0.0,0.001,2.041478185659742,0.1280400882133515,1715,2.0744733703895926,1.752694127497119,1.884752587281432,2.5063406819676954,1.9891301611628704
1,legendre,7,0.0,0.0031622776601683794,2.041228348268389,0.1280373137595635,1715,2.0741106035959533,1.7525131347518184,1.8845254226334298,2.506131769610579,1.988860810750165
1,legendre,7,0.0,0.01,2.040440166092228,0.12802861014098393,1715,2.0729662097363275,1.7519418734711298,1.883808889787965,2.5054725808387213,1.9880112766269957
1,legendre,7,0.0,0.03162277660168379,2.0379662638382703,0.1280017651827754,1715,2.0693748013696456,1.7501461892393664,1.8815611067068514,2.5034023715582725,1.985346850317215
1,legendre,7,0.0,0.1,2.030323038804336,0.12792302032160807,1715,2.058284279468352,1.744573362536384,1.874629124225685,2.496993869864565,1.977134557926691
1,legendre,7,0.0,0.31622776601683794,2.0077947050635294,0.12771885929792606,1715,2.025640308455712,1.7279365101301198,1.854329949446356,2.47796519965337,1.9531015576320896
1,legendre,7,0.0,1.0,1.9492525825246,0.1272211102759132,1715,1.9410509206868334,1.683401505390639,1.8028841038421692,2.427007041820926,1.891919340882433
1,legendre,7,0.0,3.1622776601683795,1.832728428910037,0.12505662167760373,1715,1.7723877035989635,1.5909038558298767,1.7088032002106215,2.3145942778700968,1.7769531070406264
1,legendre,7,0.0,10.0,1.6762532553659608,0.11738841957771434,1715,1.5413452823680693,1.4631050737974918,1.6032784918414378,2.1296778326316117,1.6438595961911922
1,legendre,7,0.0,31.622776601683793,1.551864538004327,0.10981006172018289,1715,1.3442927240352556,1.3475506035755773,1.548409550762984,1.9467097586569786,1.5723600529908404
1,legendre,7,0.0,100.0,1.5704616833459013,0.12216272242253884,1715,1.2865974518892667,1.3120892594810725,1.659533984792241,1.93939301374599,1.6546947068209363
1,legendre,7,0.0,316.2277660168379,1.8501973721222928,0.16438591494553498,1715,1.4404064390615459,1.4893628995582082,2.063541281204487,2.2729344397486564,1.9847418010385667
1,legendre,7,0.0,1000.0,2.514521336729682,0.22931937116541878,1715,1.8845276602425476,2.0813303236679386,2.9166514557044416,3.053610109829935,2.636487134203548
1,legendre,7,1.0,9.999999999999999e-06,1.2602550905283716,0.06196061397172661,1715,1.4689099685054663,1.1353153388175126,1.1517082497067501,1.3253246767225644,1.2200172188895637
1,legendre,7,1.0,3.1622776601683795e-05,1.2601555053125442,0.0619479876098232,1715,1.468748038668619,1.135248006665663,1.151618207128021,1.3252559789582512,1.2199072951421663
1,legendre,7,1.0,0.0001,1.259840874271839,0.06190812545383098,1715,1.4682364998252517,1.135035222652773,1.1513337354204907,1.32503891436327,1.2195599990974095
1,legendre,7,1.0,0.00031622776601683794,1.2588487640089236,0.06178272626143741,1715,1.4666241342916884,1.1343637265947526,1.1504368271293215,1.324354257427906,1.2184648746009503
1,legendre,7,1.0,0.001,1.2557395210691602,0.061392644216553945,1715,1.4615773736827415,1.1322540184560024,1.1476269747029593,1.3222065944121904,1.2150326440919077
1,legendre,7,1.0,0.0031622776601683794,1.2461783638352157,0.06022086221299314,1715,1.4461186451217793,1.1257165842156067,1.1389970319481724,1.3155830289729165,1.2044765289176036
1,legendre,7,1.0,0.01,1.2183808194727455,0.05705271106985271,1715,1.401696997144223,1.1062841739892535,1.114016650691205,1.296143801643795,1.1737624738952515
1,legendre,7,1.0,0.03162277660168379,1.1485866353940009,0.050641028032842775,1715,1.2936325340260901,1.0547778372606214,1.0523125992071394,1.245834676552279,1.0963755299238747
1,legendre,7,1.0,0.1,1.017643770817266,0.04374312236237512,1715,1.1043894229722582,0.9491566194436682,0.9416159355727263,1.1429780033018795,0.9500788727957975
1,legendre,7,1.0,0.31622776601683794,0.8493374255003188,0.040175511704179045,1715,0.8872066628289964,0.8050556425365334,0.8025393193922932,0.9883721290068757,0.763513373736895
1,legendre,7,1.0,1.0,0.704399418547203,0.038031366287501686,1715,0.7182768840485432,0.6831882332352499,0.6725824011850933,0.8390975157721761,0.6088520584949524
1,legendre,7,1.0,3.1622776601683795,0.651892404034663,0.03924025321261596,1715,0.6340190538886662,0.6341189372561996,0.6396552832013953,0.795968493385516,0.5557002524415375
1,legendre,7,1.0,10.0,0.7458108153551268,0.05185190081519291,1715,0.6552329952570732,0.7055041204437509,0.7972275308480483,0.9236428269804516,0.6474466032463102
1,legendre,7,1.0,31.622776601683793,1.086004471218823,0.09018558346991665,1715,0.8454615370472178,1.019509526261097,1.2732986863103606,1.3163725097732564,0.9753800967021832
1,legendre,7,1.0,100.0,1.899908578984667,0.17361575805686327,1715,1.3820889831317607,1.804303920242863,2.3593870557656675,2.203377739839273,1.750385195943771
1,legendre,7,1.0,316.2277660168379,3.4200837062406277,0.28611629936905836,1715,2.5973397135927914,3.2435290911696306,4.280567571425302,3.788743710859824,3.1902384441555913
1,legendre,7,1.0,1000.0,5.5138479620714875,0.38579916173306794,1715,4.479881239630416,5.147502121028867,6.755275048736752,5.924772145388169,5.261809255573231
1,legendre,7,2.0,9.999999999999999e-06,1.3160418402292893,0.04699254922294543,1715,1.4507998072167616,1.1889780470780964,1.2566468176903833,1.291908172750451,1.3918763564107544
1,legendre,7,2.0,3.1622776601683795e-05,1.3116755659586055,0.04634920793537493,1715,1.4441026171364895,1.1859967038688735,1.2528118050678487,1.288692947566446,1.3867737561533688
1,legendre,7,2.0,0.0001,1.2983185569803466,0.044418671541335504,1715,1.4237310548846807,1.1767853147485143,1.241085283430103,1.278828636094781,1.3711624957436543
1,legendre,7,2.0,0.00031622776601683794,1.2600477323090427,0.03920873386943861,1715,1.3663545257986267,1.14963424679802,1.2075449596649626,1.2503040269078745,1.3264009023757295
1,legendre,7,2.0,0.001,1.1670858661436252,0.028674085983229708,1715,1.2334288240633025,1.079115508522462,1.1265827604759224,1.1790031315123017,1.2172991061441374
1,legendre,7,2.0,0.0031622776601683794,1.0006949239889795,0.018111482752947314,1715,1.019576141486858,0.939063081062485,0.9822875397339841,1.0411872744856707,1.0213605831758996
1,legendre,7,2.0,0.01,0.792689498313415,0.015044404191609831,1715,0.7947450637083802,0.7518220694853447,0.7877722275183977,0.8451482782728663,0.7839598525820856
1,legendre,7,2.0,0.03162277660168379,0.6078938796443147,0.01432049934689216,1715,0.6216754150956367,0.5890805179185367,0.5813621420427728,0.6579947404571291,0.5893565827074988
1,legendre,7,2.0,0.1,0.5027669170721831,0.01878068379269525,1715,0.5108472265521327,0.4972090376916,0.4506570740781407,0.5663756254792399,0.48874562155980206
1,legendre,7,2.0,0.31622776601683794,0.48750219623374846,0.023074237809484685,1715,0.4606304201930958,0.4884804184849876,0.44615001377569097,0.5756886155049512,0.4665615132100169
1,legendre,7,2.0,1.0,0.5704133748054959,0.03208468644761026,1715,0.49337786645366666,0.597436942890566,0.5894742534766688,0.6667638031521951,0.5050140080543831
1,legendre,7,2.0,3.1622776601683795,0.8230232102301878,0.06531695710628993,1715,0.668209122662369,0.9032380049649407,0.9841383360389407,0.8920677965341228,0.6674627909505659
1,legendre,7,2.0,10.0,1.425152899887157,0.13501704829304667,1715,1.1215866300042547,1.5182913192833107,1.8601362725064152,1.4699447022343446,1.1558055754074603
1,legendre,7,2.0,31.622776601683793,2.7251039665109205,0.22407139311386037,1715,2.1792792909977123,2.735750473362123,3.4984825745259607,2.805550312506706,2.406457181162101
1,legendre,7,2.0,100.0,4.8617407746252175,0.3120105932259786,1715,3.9613790045406616,4.761051809868932,5.880795041712657,5.062010313504848,4.643467703498987
1,legendre,7,2.0,316.2277660168379,7.080969436912094,0.41637922573456226,1715,5.760671213856477,6.750579217171172,8.265352628210431,7.541722875208693,7.086521250113701
1,legendre,7,2.0,1000.0,8.640425804379015,0.523286784197471,1715,7.021192992475686,7.93310928202442,9.949423356831437,9.397384291085986,8.901019099477555
1,legendre,8,0.0,9.999999999999999e-06,2.101494627858269,0.10510266218420423,3002,1.800704647310028,2.19436172151625,1.9132500140626463,2.362515265471455,2.236641490930966
1,legendre,8,0.0,3.1622776601683795e-05,2.101494326548076,0.1051026554352438,3002,1.80070435577334,2.194361379658202,1.9132498128963888,2.36251512897122,2.23664095544123
1,legendre,8,0.0,0.0001,2.101493373149309,0.10510263487574822,3002,1.8007034312417751,2.194360301479067,1.9132491736187789,2.3625146973235975,2.236639262083327
1,legendre,8,0.0,0.00031622776601683794,2.1014903581055386,0.10510257011424425,3002,1.800700506831498,2.194356892921644,1.9132471510916094,2.3625133323741845,2.236633907308758
1,legendre,8,0.0,0.001,2.1014808241463743,0.1051023654589821,3002,1.80069125919712,2.194346114780264,1.9132407553695898,2.3625090164272207,2.2366169749576774
1,legendre,8,0.0,0.0031622776601683794,2.101450680141966,0.1051017189105622,3002,1.8006620197706926,2.1943120351640992,1.9132205340633974,2.3624953722225657,2.236563439489077
1,legendre,8,0.0,0.01,2.101355406781804,0.10509968037729213,3002,1.8005695989664574,2.1942043036697827,1.9131566270470965,2.362452265550866,2.2363942386748183
1,legendre,8,0.0,0.03162277660168379,2.1010546282146634,0.10509329385217062,3002,1.8002777617728505,2.1938640035460297,1.9129549187026538,2.3623163484372967,2.235860108614487
1,legendre,8,0.0,0.1,2.100108464247098,0.10507368539136228,3002,1.7993590905598122,2.192791644490514,1.9123208758681902,2.3618904368680407,2.234180273448933
1,legendre,8,0.0,0.31622776601683794,2.0971649994968926,0.10501721729121025,3002,1.7964950245587794,2.1894380650730265,1.9103534145956835,2.360580039320463,2.2289584539365097
1,legendre,8,0.0,1.0,2.088307959279814,0.10488520551407748,3002,1.7878209687977478,2.1792023310777497,1.9044895204761236,2.3567371240164205,2.21328985203103
1,legendre,8,0.0,3.1622776601683795,2.0640130377462893,0.10476027309754529,3002,1.763569422721956,2.1502385458489823,1.8890368734709717,2.346474682397684,2.170745664291852
1,legendre,8,0.0,10.0,2.0110366749205673,0.1053485945806179,3002,1.7075739682549043,2.0833227622036246,1.8607858936767343,2.3228555085105826,2.080645241956989
1,legendre,8,0.0,31.622776601683793,1.9412423909298564,0.10797100678209706,3002,1.6197457135150404,1.979176170332505,1.851061727096465,2.2868293314347063,1.9693990122705647
1,legendre,8,0.0,100.0,1.928433794633167,0.11589389943894454,3002,1.5573389895064793,1.8977932810055864,1.9457165417919533,2.2876587927363676,1.9536613681254487
1,legendre,8,0.0,316.2277660168379,2.080805388498253,0.13998891558422447,3002,1.620674065508095,1.9539867769487465,2.2470247348868124,2.4460870310979326,2.136254334049677
1,legendre,8,0.0,1000.0,2.5342013053437684,0.1898448412669202,3002,1.9302244794378347,2.321355256847334,2.9115489038676836,2.9433714633993975,2.5645064231665904
1,legendre,8,1.0,9.999999999999999e-06,0.9386786953114303,0.04997391903413381,3002,0.9217063715368983,1.0394185127465996,0.7554037396159847,1.0104631343968076,0.9664017182608615
1,legendre,8,1.0,3.1622776601683795e-05,0.9386682465333982,0.04997344038789651,3002,0.9216974805402426,1.0394067022526352,0.7553958463897962,1.0104579016326614,0.9663833018516554
1,legendre,8,1.0,0.0001,0.9386352117110626,0.049971927583544615,3002,0.9216693699746579,1.0393693611419406,0.755370891874161,1.0104413584508383,0.9663250771137146
1,legendre,8,1.0,0.00031622776601683794,0.9385308174888258,0.04996715182987195,3002,0.92158052874783,1.0392513479243637,0.7552920389895508,1.0103890869672483,0.9661410848151363
1,legendre,8,1.0,0.001,0.938201402502421,0.049952130759060624,3002,0.9213001086490167,1.0388788533553324,0.7550432849151317,1.010224214561656,0.9655605510309687
1,legendre,8,1.0,0.0031622776601683794,0.9371667222824464,0.04990543014268384,3002,0.9204185069479639,1.0377078342232162,0.7542626150819642,1.0097070266619819,0.9637376284971054
1,legendre,8,1.0,0.01,0.9339630480441381,0.049765398809632974,3002,0.917681034470256,1.034072389271186,0.7518520742550344,1.0081115690488605,0.9580981731753534
1,legendre,8,1.0,0.03162277660168379,0.9244600182743907,0.04938939152886,3002,0.9094924557021157,1.023208937033038,0.7447685847708394,1.003418929968529,0.9414111838974316
1,legendre,8,1.0,0.1,0.899395708950111,0.04865855476894568,3002,0.8873997732658333,0.9940621120409581,0.7266960697838157,0.9911525532526795,0.897668036407269
1,legendre,8,1.0,0.31622776601683794,0.8488503603504558,0.048147934692591994,3002,0.8402889432988765,0.9333407012416831,0.6941009366935013,0.9660386181389418,0.8104826023792769
1,legendre,8,1.0,1.0,0.7860181992510811,0.04872824902825756,3002,0.7723214897998115,0.8523110147731146,0.6672685379137839,0.9344571876005153,0.70373276616818
1,legendre,8,1.0,3.1622776601683795,0.7617684375550311,0.049951867965622225,3002,0.7168252297214173,0.8029039847335075,0.699513201942804,0.936457729806681,0.6531420415707456
1,legendre,8,1.0,10.0,0.8501192715251303,0.058890284164844715,3002,0.729743411544944,0.8599616786320838,0.8790386919474326,1.0499975496313674,0.7318550258698239
1,legendre,8,1.0,31.622776601683793,1.1706706121885382,0.09445557671098716,3002,0.9054622143990019,1.1507686625519118,1.3601629555947945,1.4018191735176708,1.0351400548793117
1,legendre,8,1.0,100.0,1.947190195217967,0.17562575352660406,3002,1.4216815289492835,1.900847146234011,2.4235979676704105,2.226279764567094,1.763544568669036
1,legendre,8,1.0,316.2277660168379,3.3893081517483585,0.29136825852120357,3002,2.5417043653327824,3.27083026558,4.269591009226023,3.737871938736499,3.1265431798664904
1,legendre,8,1.0,1000.0,5.375721681613824,0.39101622200264347,3002,4.309049889148827,5.058981755672619,6.630192140261146,5.78497613362371,5.0954084893628195
1,legendre,8,2.0,9.999999999999999e-06,0.8664876413228679,0.04842020445328719,3002,0.834139533596252,0.9103017132339811,0.7165750745149821,0.8586825633217092,1.0127393219474157
1,legendre,8,2.0,3.1622776601683795e-05,0.8658664021115603,0.048336759185635264,3002,0.8336231356997377,0.9096911794090563,0.7160590062205813,0.8582553166603304,1.0117033725680964
1,legendre,8,2.0,0.0001,0.8639196897628004,0.048076192505281834,3002,0.8320048259572816,0.9077750243471693,0.7144423145432522,0.8569158810007291,1.0084604029655702
1,legendre,8,2.0,0.00031622776601683794,0.857934958817679,0.04728368684351275,3002,0.8270289021582944,0.901856572455794,0.7094768341186282,0.852791680018742,0.9985208053369362
1,legendre,8,2.0,0.001,0.8405349097198824,0.045050251723784254,3002,0.8125638196501654,0.8844286136464555,0.6950858594385065,0.8407323111663306,0.9698639446979544
1,legendre,8,2.0,0.0031622776601683794,0.7966842976879531,0.039883483772443995,3002,0.7762151936046947,0.8392998495176579,0.6591325695685696,0.8096705605658359,0.8991033151830076
1,legendre,8,2.0,0.01,0.7133561000287838,0.03217227728982471,3002,0.7074566096479391,0.7506383147621822,0.5913434144605878,0.7467893588853468,0.7705528023878631
1,legendre,8,2.0,0.03162277660168379,0.6073703193008531,0.027104267868340495,3002,0.6157901483836723,0.6368659985595984,0.5033484281870464,0.6597413439550803,0.6211056774188675
1,legendre,8,2.0,0.1,0.5266584955809638,0.02572493678603613,3002,0.5285740510125725,0.5501376043227968,0.43920591158081274,0.5971016813403001,0.5182732296483364
1,legendre,8,2.0,0.31622776601683794,0.5108045314892496,0.02597751580355587,3002,0.47833662716255904,0.5330930543484643,0.4561851482452327,0.6017827773703435,0.4846250503196491
1,legendre,8,2.0,1.0,0.5902724149590786,0.034574380705986486,3002,0.5048414566592588,0.6333544874352272,0.6111002148940446,0.6849611015744864,0.5171048142323753
1,legendre,8,2.0,3.1622776601683795,0.841614669401278,0.07011322362355178,3002,0.6739527477698725,0.9332681938453458,1.016344898824332,0.9071509701238366,0.6773565364430041
1,legendre,8,2.0,10.0,1.4423393450398927,0.14025853421077075,3002,1.1213741977093743,1.5455952022870503,1.89132804225127,1.4870629761537646,1.1663363067980053
1,legendre,8,2.0,31.622776601683793,2.7299674298939913,0.2284025812543146,3002,2.1627719448491236,2.74945214894882,3.51186915441764,2.8159377042616267,2.4098061969927462
1,legendre,8,2.0,100.0,4.842732518563571,0.3149153786141245,3002,3.9305807234203796,4.751089072117201,5.869730790030795,5.040916435911653,4.621345571337826
1,legendre,8,2.0,316.2277660168379,7.051543300604469,0.41605845084093857,3002,5.733609412140514,6.7310094016208,8.243679781794572,7.500103905214786,7.049314002251668
1,legendre,8,2.0,1000.0,8.621284300858463,0.5219721587311449,3002,7.006041899125587,7.920340409787123,9.93459316081125,9.368798819356615,8.876647215211737
2,monomial,6,0.0,9.999999999999999e-06,0.6096773298508569,0.03783126933087449,83,0.582820396942639,0.7047966148649502,0.5917155107393275,0.4916092857185038,0.6774448409888638
2,monomial,6,0.0,3.1622776601683795e-05,0.6096757089900665,0.03783219904435035,83,0.5828163720616412,0.7047963625788427,0.5917151445199524,0.4916047263006643,0.6774459394892318
2,monomial,6,0.0,0.0001,0.6096705861265492,0.03783513878259781,83,0.5828036472077688,0.7047955681733817,0.5917139888373325,0.4915903124583325,0.6774494139559312
2,monomial,6,0.0,0.00031622776601683794,0.6096544136740875,0.03784443231325495,83,0.5827634370431949,0.7047930899511736,0.5917103582745711,0.49154477488667736,0.6774604082148203
2,monomial,6,0.0,0.001,0.6096035459291634,0.0378737936947382,83,0.5826365743547754,0.7047855914458916,0.5916991170378293,0.4914012015401411,0.6774952452671796
2,monomial,6,0.0,0.0031622776601683794,0.6094454094471601,0.03796637025559666,83,0.5822383122330259,0.7047652383612097,0.5916659447098649,0.4909514454651651,0.6776061064665349
2,monomial,6,0.0,0.01,0.6089719670081207,0.03825643637878247,83,0.5810074917699048,0.7047337295647091,0.5915841693794424,0.48957094407061275,0.6779635002559348
2,monomial,6,0.0,0.03162277660168379,0.6077238596780346,0.03914795706642755,83,0.577385373588263,0.7049408741309631,0.5915385052992279,0.4855970717885024,0.6791574735832164
2,monomial,6,0.0,0.1,0.6058237501102999,0.04174188424502142,83,0.5682135349096292,0.7081047762191569,0.593070483542483,0.4762758860822921,0.6834540697979381
2,monomial,6,0.0,0.31622776601683794,0.6119787488632673,0.04840461170736468,83,0.5537630243638703,0.7327039536613571,0.606916610723811,0.4665915461313769,0.6999186094359209
2,monomial,6,0.0,1.0,0.6668769396384391,0.06288778157220339,83,0.5595429883578319,0.847058241001221,0.6703178761056836,0.5018671359447746,0.7555984567826843
2,monomial,6,0.0,3.1622776601683795,0.8355752598758865,0.09243764318231862,83,0.6367981335991082,1.1515747286724953,0.8289001344833675,0.6676707354295621,0.8929325671948997
2,monomial,6,0.0,10.0,1.150110374846633,0.14196582720198442,83,0.846681999810353,1.6735473992419467,1.0831649528873117,0.9715127059041626,1.1756448163893913
2,monomial,6,0.0,31.622776601683793,1.7115551392261796,0.18109570691192658,83,1.4540317021594475,2.4050871378229832,1.4882786795516367,1.4707861558573128,1.7395920207395186
2,monomial,6,0.0,100.0,2.8269510520045364,0.1984295440892886,83,2.9746370019544557,3.472003383554731,2.303863253630914,2.55140357913762,2.832848041744961
2,monomial,6,0.0,316.2277660168379,5.080271823189942,0.32386863203347405,83,6.069137762469689,5.307744134104301,4.064462451375698,5.070128754402793,4.889886013597227
2,monomial,6,0.0,1000.0,9.425414301596843,0.8351174423743285,83,12.17709571761087,8.928029149271087,7.265692836631251,10.232647599368079,8.52360620510293
2,monomial,6,1.0,9.999999999999999e-06,0.6096652519152782,0.037836969024243335,83,0.5827866515649649,0.7047953189912396,0.5917115040867619,0.49158289916116377,0.6774498857722604
2,monomial,6,1.0,3.1622776601683795e-05,0.6096376152212889,0.03785022547313018,83,0.5827097569168422,0.7047924116877666,0.5917025754037646,0.49152139297454295,0.6774619391235279
2,monomial,6,1.0,0.0001,0.609551119726841,0.037892167189855136,83,0.5824674690984698,0.7047845387765646,0.5916752475390505,0.4913278693849392,0.6775004738351809
2,monomial,6,1.0,0.00031622776601683794,0.6092864854276477,0.03802500032779964,83,0.5817099557675377,0.7047726755358394,0.591597762479157,0.49072556641705045,0.6776264669386544
2,monomial,6,1.0,0.001,0.608535325957232,0.03844679022108204,83,0.5793988406279342,0.7048602185691157,0.5914379313415533,0.4889149334900906,0.6780647057574668
2,monomial,6,1.0,0.0031622776601683794,0.606927902506808,0.03979079878682641,83,0.5728672232467369,0.7062425209549372,0.5916727040842897,0.4840511293828052,0.6798059348652707
2,monomial,6,1.0,0.01,0.6075249762050362,0.04401866167124206,83,0.5583624965768311,0.718486747240709,0.597479027950419,0.4753862179469162,0.6879103913103053
2,monomial,6,1.0,0.03162277660168379,0.6366671755997694,0.05617978791717443,83,0.5465691018604543,0.7910578299402923,0.6363688813215317,0.4840020767734218,0.725337988103147
2,monomial,6,1.0,0.1,0.7769552640208046,0.08399552126345718,83,0.6007206499990482,1.049246009941322,0.7762667267408971,0.6040594480834328,0.8544834853393224
2,monomial,6,1.0,0.31622776601683794,1.109117915092261,0.1307120791945555,83,0.8148192748609111,1.5809601667897253,1.063632642618467,0.9389793311380421,1.1471981600541594
2,monomial,6,1.0,1.0,1.637228453865609,0.17402066829154758,83,1.34873849773092,2.308016755934232,1.4840807202885304,1.4159497527119531,1.6293565426624095
2,monomial,6,1.0,3.1622776601683795,2.518506320534103,0.20120626674279551,83,2.639315251468097,3.23714174698022,2.104646267891889,2.2140451488565107,2.397383187473799
2,monomial,6,1.0,10.0,4.3283660736507965,0.3434495486804567,83,5.354405221705118,4.794698091088403,3.3600888768413304,4.150080632045053,3.9825575465740783
2,monomial,6,1.0,31.622776601683793,7.979635435055772,0.6883195639496487,83,10.248739055873605,7.81736570335931,6.1281717266508355,8.500020135053164,7.203880554341953
2,monomial,6,1.0,100.0,13.45201496694553,1.2360683854375945,83,17.335230695404583,12.479390743190223,10.358382931967842,15.115894559570489,11.971175904594508
2,monomial,6,1.0,316.2277660168379,20.826623692355348,2.0000156789798216,83,26.900153951604086,19.133414264515316,16.038463941868656,23.966261654972225,18.094824648816438
2,monomial,6,1.0,1000.0,30.708493253769245,2.880939721015432,83,39.34603824239784,28.766779553590045,24.11317825806346,35.35480866390158,25.961661550893297
2,monomial,6,2.0,9.999999999999999e-06,0.6093773717109191,0.0379463589921891,83,0.5819180862757242,0.7047750128243659,0.5916387050822965,0.4910864969188111,0.6774685574533977
2,monomial,6,2.0,3.1622776601683795e-05,0.6087862508963143,0.038203121883331366,83,0.5800150179130832,0.7048233537490568,0.5915305125258741,0.4899984726461704,0.6775638976473873
2,monomial,6,2.0,0.0001,0.6074041026154402,0.03906850131467409,83,0.574443434699399,0.7057486217240213,0.5916583958701084,0.48695813600972926,0.6782119247739431
2,monomial,6,2.0,0.00031622776601683794,0.6068786706227316,0.042143531547861976,83,0.5607082726940298,0.7144944959478401,0.5955687021053746,0.48075655974716075,0.6828653226192528
2,monomial,6,2.0,0.001,0.6266684947661425,0.05265621052629249,83,0.5433331998352471,0.7709334563535333,0.624988668437688,0.4831614293579903,0.7109257198462543
2,monomial,6,2.0,0.0031622776601683794,0.7455469755205104,0.07995424979267803,83,0.5835545121452661,0.9984086672161586,0.7474179396901289,0.5700080445626186,0.8283457139883799
2,monomial,6,2.0,0.01,1.0771632126483996,0.1262361257801799,83,0.7989699651868519,1.526658169416084,1.0378784362793025,0.8907046299458503,1.131604862413909
2,monomial,6,2.0,0.03162277660168379,1.634700448614082,0.17420997942440242,83,1.310249127968791,2.297715926879733,1.4944572256960331,1.4287916871602337,1.6422882753656172
2,monomial,6,2.0,0.1,2.438179654059261,0.20441715329264007,83,2.3981336730201432,3.225987005194141,2.1032307182037564,2.1420920410329187,2.3214548328453444
2,monomial,6,2.0,0.31622776601683794,3.8073201571797597,0.3022123121044248,83,4.5209656193885115,4.518558433461597,3.036442199242724,3.5214347439573843,3.439199789848582
2,monomial,6,2.0,1.0,6.566027071479946,0.5558684131524626,83,8.34000795707502,6.8448529540221825,4.992824732017727,6.753463663133154,5.89898605115164
2,monomial,6,2.0,3.1622776601683795,11.14282761508851,0.9451240560066018,83,14.022851767742154,10.678459944007738,8.553225863119291,12.377373223714828,10.082227276858546
2,monomial,6,2.0,10.0,16.322938517260393,1.358146261776077,83,20.286691770606886,15.163196719536177,12.841197931640703,18.596061155054493,14.72754500946371
2,monomial,6,2.0,31.622776601683793,21.56205394147068,1.7545128008669724,83,26.338135642668213,19.793109473460184,17.29115053849314,25.073781994170965,19.314092058560906
2,monomial,6,2.0,100.0,27.79236815351543,2.2117965328039157,83,33.279810615800436,25.508372700425333,22.660665899775662,32.89888433064051,24.614107220935203
2,monomial,6,2.0,316.2277660168379,33.85357650721084,2.736724181706046,83,40.83243314640468,31.563702686277953,27.608008922971067,39.905701951282744,29.358035829117757
2,monomial,6,2.0,1000.0,39.345044273588485,3.319183374690152,83,48.59358636647017,37.44897711591596,31.86973936517552,45.543284046318796,33.26963447406199
2,monomial,7,0.0,9.999999999999999e-06,0.3779248791623059,0.04917948357262824,119,0.33666162850817416,0.33429906558319356,0.27522639531967863,0.5628916808572466,0.38054562554323634
2,monomial,7,0.0,3.1622776601683795e-05,0.37791898120833667,0.049176692132836285,119,0.3366542427894005,0.3342954842073828,0.2752260371268211,0.5628741546510666,0.38054498726701225
2,monomial,7,0.0,0.0001,0.37790044756714136,0.04916791386602498,119,0.33663105918599645,0.33428420276336007,0.2752249542945,0.5628190677556931,0.38054295383615705
2,monomial,7,0.0,0.00031622776601683794,0.3778429949304793,0.04914063785054669,119,0.3365594401732196,0.33424896161612744,0.27522202137343726,0.5626481778406094,0.38053637364900295
2,monomial,7,0.0,0.001,0.37767234486691076,0.04905900015966912,119,0.33634908577101885,0.33414171554378946,0.27521743399028387,0.5621394104601548,0.38051407856930675
2,monomial,7,0.0,0.0031622776601683794,0.3772282902868251,0.04884091325066763,119,0.33582257720701314,0.33384051690114297,0.27524350821751825,0.5608055823578327,0.3804292667506183
2,monomial,7,0.0,0.01,0.3764548376091404,0.04841399967484931,119,0.33505699686166035,0.33317636127517064,0.27559315655842104,0.5584041217110978,0.3800435516393521
2,monomial,7,0.0,0.03162277660168379,0.37613947829857974,0.047820204348742755,119,0.33564184520936063,0.3326644375667499,0.27760856443953785,0.5563945886012627,0.3783879556759875
2,monomial,7,0.0,0.1,0.3766031371802555,0.04458473776801677,119,0.34019419913418264,0.3370975375791382,0.2847946374448084,0.5452448552381346,0.37568445650501375
2,monomial,7,0.0,0.31622776601683794,0.3812773423679074,0.03149593344308356,119,0.3536516905812448,0.3638487464475849,0.30760837426913434,0.4967559086268076,0.3845219919147654
2,monomial,7,0.0,1.0,0.4201511053657927,0.016885762027457885,119,0.3910520596968078,0.45063996939754586,0.37158966954225064,0.4588276413813304,0.4286461868110286
2,monomial,7,0.0,3.1622776601683795,0.5316090334941969,0.03143649193486678,119,0.46679828313974986,0.6506290319253484,0.49799781390470976,0.5159708412104641,0.5266491972907119
2,monomial,7,0.0,10.0,0.7256154396040215,0.0727654567418399,119,0.5722378172910608,1.002898175073057,0.6802801440900074,0.6732170579419237,0.6994440036240585
2,monomial,7,0.0,31.622776601683793,1.0765514103127767,0.12886717672703435,119,0.8257715061944173,1.5688709560906893,0.9666894923915414,0.9553648438228937,1.0660602530643424
2,monomial,7,0.0,100.0,1.8686750334882383,0.16599358016584587,119,1.6571997451980374,2.4882429712791554,1.6292446342074747,1.6247494965005056,1.9439383202560188
2,monomial,7,0.0,316.2277660168379,3.674203891399462,0.17001243284187467,119,3.8160140672239558,4.130791227448333,3.158436178449416,3.4327987005042786,3.832979283371327
2,monomial,7,0.0,1000.0,7.403795801410832,0.4233290318008876,119,8.622861108223367,7.184890486417467,6.014727043671554,7.748204504534002,7.448295864207767
2,monomial,7,1.0,9.999999999999999e-06,0.3778480681635395,0.04914301213580004,119,0.33657916829578866,0.3342459859303638,0.27522738184063594,0.5626677214418175,0.38052008330909154
2,monomial,7,1.0,3.1622776601683795e-05,0.3776863099476915,0.049065564999611316,119,0.3364073389394514,0.3341323029888431,0.27523358732768466,0.5621948886829886,0.38046343179948955
2,monomial,7,1.0,0.0001,0.3772565433935447,0.0488544792090128,119,0.33597344377095784,0.3338112829505656,0.2752884101040475,0.5609323254193501,0.3802772547228025
2,monomial,7,1.0,0.00031622776601683794,0.3764798735813637,0.04843034504404677,119,0.33535598965115326,0.33309768497543374,0.27570746239874777,0.5586111295644716,0.3796271013170121
2,monomial,7,1.0,0.001,0.3763994258171267,0.0480391243034813,119,0.33625664734843536,0.33255008234417965,0.2779640514249539,0.5578670466147208,0.3773593013533437
2,monomial,7,1.0,0.0031622776601683794,0.3787998224865734,0.04654335087328377,119,0.34193075902525677,0.33708380947817107,0.285694526398987,0.5563475944824512,0.37294242304800085
2,monomial,7,1.0,0.01,0.3849842194598982,0.03598536124289487,119,0.3551710564201457,0.3632732221352692,0.30703631476636956,0.5207179587091292,0.3787225452685777
2,monomial,7,1.0,0.03162277660168379,0.41799384292532504,0.01936591238802608,119,0.3828011429218722,0.44712390846286854,0.36568798933149793,0.46925003613611915,0.4251061377742677
2,monomial,7,1.0,0.1,0.5352671755349654,0.03474248562685149,119,0.45250051882357833,0.6591407551217283,0.5028435224520481,0.5102273510870471,0.5516237301904251
2,monomial,7,1.0,0.31622776601683794,0.7781603410060869,0.07715765568344239,119,0.5983582607025479,1.061495475514532,0.7362862524545996,0.7098866545681943,0.7847750617905604
2,monomial,7,1.0,1.0,1.170140331482008,0.1297110838757721,119,0.9013285375288722,1.661336836366096,1.0641422314811002,1.0621624911682424,1.1617315608657284
2,monomial,7,1.0,3.1622776601683795,1.903028820555782,0.1654911374461417,119,1.7911747533062736,2.5413406667106795,1.6305726584097087,1.672823808742147,1.8792322156101011
2,monomial,7,1.0,10.0,3.5481099252562616,0.2298367592712156,119,4.044968670027166,4.071373567861445,2.8763123499352976,3.2647499991918756,3.4831450392655237
2,monomial,7,1.0,31.622776601683793,6.945478296864539,0.48180230246771777,119,8.47276572756688,6.901816768642992,5.466167343265015,7.188051022240383,6.6985906226074245
2,monomial,7,1.0,100.0,12.27395308624177,1.0230396389598437,119,15.338460699288982,11.26453613611626,9.49465409555219,13.761963737669067,11.510150762582345
2,monomial,7,1.0,316.2277660168379,19.858013329563637,1.8133793589700649,119,25.164012462988865,17.94020930938345,15.319521153329399,22.950679688874448,17.915644033242017
2,monomial,7,1.0,1000.0,29.968066552089255,2.733495176602988,119,38.042267691221895,27.78564135559348,23.57127495375406,34.60450815441447,25.83664060546237
2,monomial,7,2.0,9.999999999999999e-06,0.37652672048018976,0.048500923357717336,119,0.3354342924664673,0.33296534794480037,0.2759111682958729,0.559091243508918,0.37923155018489046
2,monomial,7,2.0,3.1622776601683795e-05,0.3771083101854373,0.04842008373998434,119,0.33699426363501395,0.3327680456033999,0.2788555565622689,0.5605768658861155,0.3763468192403883
2,monomial,7,2.0,0.0001,0.38184135345743997,0.04774492550733409,119,0.34469915636190696,0.3394537755740992,0.2885280497000718,0.5651405762167623,0.3713852094343594
2,monomial,7,2.0,0.00031622776601683794,0.3917657444878876,0.037269138803246275,119,0.3611593641692831,0.37104939821800326,0.3133865784901849,0.533620822134491,0.37961255942747585
2,monomial,7,2.0,0.001,0.4280709785269461,0.019501385185179777,119,0.3886229922848877,0.46326301956064775,0.37746455418340324,0.4748089902156785,0.4361953363901131
2,monomial,7,2.0,0.0031622776601683794,0.5564616169402946,0.040498907505600264,119,0.45979359518612506,0.695500063977903,0.5296477687228588,0.5081441621774854,0.5892224946371005
2,monomial,7,2.0,0.01,0.8415066958462969,0.08699588925263416,119,0.6428100225020248,1.1526888791671,0.8037098288287613,0.730564902015909,0.8777598467176896
2,monomial,7,2.0,0.03162277660168379,1.3049840261800894,0.13971776690489274,119,1.0114545436671736,1.8269016051665392,1.192915325392263,1.167643911516515,1.3260047451579557
2,monomial,7,2.0,0.1,2.0365699860039768,0.17615866263250454,119,1.887486869473659,2.722771761142342,1.7531421077554517,1.8230413552761058,1.9964078363723252
2,monomial,7,2.0,0.31622776601683794,3.3981095272709125,0.24885676892683875,119,3.8773585564427484,4.064679554027253,2.7283474566289088,3.123323461316467,3.1968386079391853
2,monomial,7,2.0,1.0,6.1736913560367555,0.4707269080966277,119,7.633572399335058,6.457846555572706,4.745468487120894,6.270725834105935,5.760843504049186
2,monomial,7,2.0,3.1622776601683795,10.711183610851425,0.8579654847940582,119,13.272715292137264,10.245854827105056,8.248365361287222,11.8461852744952,9.942797299232383
2,monomial,7,2.0,10.0,15.9233332452232,1.3009726419517456,119,19.647652620056014,14.720778303225975,12.508642817168699,18.169120278678506,14.57047220698681
2,monomial,7,2.0,31.622776601683793,21.329821175083378,1.7255444514923863,119,25.972745586021592,19.51003342884895,17.084713698551347,24.83810532910597,19.24350783288904
2,monomial,7,2.0,100.0,27.692380444886112,2.1969898110740513,119,33.113760353326356,25.374817751067646,22.57218610810751,32.7946836387079,24.606454373221148
2,monomial,7,2.0,316.2277660168379,33.809120951019835,2.728295471218641,119,40.754222959418684,31.501113672953345,27.57217900126498,39.859348533617336,29.358740587844814
2,monomial,7,2.0,1000.0,39.320992656913816,3.314649315882443,119,48.5531282120354,37.4160987782615,31.851480896689328,45.51884492027447,33.26541047730837
2,monomial,8,0.0,9.999999999999999e-06,0.3797508778811006,0.06853844772031736,164,0.625954072621186,0.30094726466625976,0.24746693864965374,0.42930773104926045,0.2950783824191432
2,monomial,8,0.0,3.1622776601683795e-05,0.3797177530063426,0.06850267173286474,164,0.6257167337718239,0.3009130353035725,0.24746077828503482,0.4294221101091651,0.29507610756211655
2,monomial,8,0.0,0.0001,0.3796142371961709,0.06839087836213942,164,0.6249739574840593,0.30080614942506123,0.2474415619238967,0.42978040193722356,0.29506911521061346
2,monomial,8,0.0,0.00031622776601683794,0.3792985201355269,0.06805020005946963,164,0.6226998237909122,0.30048112763089446,0.24738326778230646,0.43087944728150873,0.2950489341920129
2,monomial,8,0.0,0.001,0.3783977550153851,0.06708573792837884,164,0.6161763533771413,0.2995669097029534,0.24721916240347303,0.4340242327695198,0.29500211682383787
2,monomial,8,0.0,0.0031622776601683794,0.37617417454481117,0.06482178101219259,164,0.600421833833239,0.29746114736413426,0.24681808539730882,0.44119660562273655,0.29497320050663756
2,monomial,8,0.0,0.01,0.3718788779263365,0.06106604267791035,164,0.573592626498129,0.2941520813996346,0.2459776554317453,0.4502904838558507,0.29538154244632286
2,monomial,8,0.0,0.03162277660168379,0.3669356682638444,0.056998648112649444,164,0.544689543868968,0.29113782234439156,0.2452838634927727,0.4562884003525081,0.2972787112605814
2,monomial,8,0.0,0.1,0.3640012404830405,0.05273664269349438,164,0.5238864805327019,0.29196780274645734,0.24939643251790802,0.4528059868565064,0.30194949976162866
2,monomial,8,0.0,0.31622776601683794,0.36138379509886515,0.04492053270920658,164,0.5144359236460485,0.3047941704449265,0.26501028691682493,0.4084661922547566,0.31421240223176927
2,monomial,8,0.0,1.0,0.3646074035468688,0.03482972511048559,164,0.49916477766607076,0.3400203414504962,0.2964269310095955,0.3475991466100148,0.3398258209981668
2,monomial,8,0.0,3.1622776601683795,0.3990779001663952,0.026912612153735086,164,0.4889319195357418,0.42139163908179594,0.35602975875006926,0.3356024997434569,0.3934336837209123
2,monomial,8,0.0,10.0,0.5027001014869902,0.033135025508965174,164,0.5131835958338502,0.6101106575453847,0.472100234003734,0.4063027587133252,0.5118032613386571
2,monomial,8,0.0,31.622776601683793,0.7384310087898127,0.07111780078141314,164,0.6188650118751398,0.9946277324844652,0.6932329475550832,0.6061144104116812,0.7793149416226941
2,monomial,8,0.0,100.0,1.2971476876472194,0.11447414892016146,164,1.1043325970770446,1.6942415137733995,1.1793770511078008,1.0963917316549714,1.4113955446228807
2,monomial,8,0.0,316.2277660168379,2.5631615769976284,0.12278043361665537,164,2.6107275430311936,2.917445922906362,2.262955944225234,2.314309522027405,2.7103689527979467
2,monomial,8,0.0,1000.0,5.404264766896171,0.30454963769714866,164,6.412893838427065,5.3301357950546615,4.503357850135104,5.48742917879877,5.287507172065254
2,monomial,8,1.0,9.999999999999999e-06,0.37919192672960095,0.06786061317727998,164,0.6214373315539831,0.3004457395310075,0.2473601668019889,0.4316825397907695,0.29503385597025555
2,monomial,8,1.0,3.1622776601683795e-05,0.37811117171491243,0.0665570364596709,164,0.612522929513451,0.29947719392381666,0.24715395115914535,0.43643554999697437,0.2949662339811748
2,monomial,8,1.0,0.0001,0.3755322974913111,0.0636121626172332,164,0.5912153531667558,0.2972985879238359,0.24665623701720052,0.44754985266517017,0.2949414566835933
2,monomial,8,1.0,0.00031622776601683794,0.3705542944406055,0.0589808729582882,164,0.5550529509806188,0.2939444170927526,0.24565672902643257,0.4624912611525476,0.29562611395067606
2,monomial,8,1.0,0.001,0.3646183757272068,0.05416260600080416,164,0.5157983152319223,0.29087684433853683,0.24510464340462734,0.4728623207135197,0.29844975494742787
2,monomial,8,1.0,0.0031622776601683794,0.3626166444482596,0.04998023315953048,164,0.48992236737659506,0.29255903456290133,0.25055020409716944,0.4760032667268628,0.3040483494777693
2,monomial,8,1.0,0.01,0.3637200557894493,0.04081929627073107,164,0.47993754953042667,0.30994310908487954,0.2696227391616749,0.441072633328419,0.3180242478418466
2,monomial,8,1.0,0.03162277660168379,0.37245938319135435,0.026455601511042197,164,0.46829945142776375,0.3550991595360654,0.30845081089467463,0.3776630957675238,0.3527843983307441
2,monomial,8,1.0,0.1,0.41971614188879547,0.019886443768734018,164,0.4616208340102982,0.4584684514181313,0.38478332284288025,0.3623141033096936,0.43139399786297405
2,monomial,8,1.0,0.31622776601683794,0.562163637599187,0.041139674070284314,164,0.49864167060314174,0.7032777327857384,0.5412786635083652,0.4711315367353551,0.5964885843633347
2,monomial,8,1.0,1.0,0.8670840796538594,0.08741866099357831,164,0.6723741981440505,1.1807781860931215,0.8202192757749375,0.7544489156954903,0.9075998225616972
2,monomial,8,1.0,3.1622776601683795,1.4618807542854366,0.12461116599542496,164,1.323795732562019,1.9358715884728248,1.298877936909769,1.262942750063559,1.4879157634190108
2,monomial,8,1.0,10.0,2.771277414184012,0.18616496947027492,164,3.1913367665589543,3.2025185628228954,2.2768843527638394,2.486491267627355,2.6991561211470163
2,monomial,8,1.0,31.622776601683793,5.684643395613855,0.4434798571259687,164,7.222702218943779,5.68441345425167,4.492532941491126,5.720320420902691,5.303247942480007
2,monomial,8,1.0,100.0,10.761198317125041,0.9820427333299122,164,14.001616272801456,9.970319565929858,8.328296261202569,11.811938302154745,9.693821183536581
2,monomial,8,1.0,316.2277660168379,18.177303185815752,1.8005889865461204,164,23.875108368904122,16.556574094045907,13.881495650192914,20.660777495481145,15.912560320454668
2,monomial,8,1.0,1000.0,28.514565501234415,2.7485365446622283,164,37.00649652048712,26.501970048716295,22.21015175973365,32.62023578195844,24.23397339527657
2,monomial,8,2.0,9.999999999999999e-06,0.36844115663016924,0.05671977580373016,164,0.5319971167190818,0.2931165444664678,0.24507254341800247,0.47567913084163826,0.29634044770565604
2,monomial,8,2.0,3.1622776601683795e-05,0.3624488612694026,0.05205500349216413,164,0.4866337588830484,0.2903459903161495,0.24536792926529954,0.4891645054623587,0.30073212242015684
2,monomial,8,2.0,0.0001,0.36270262799279623,0.048262942628864214,164,0.4592999506806269,0.2950710178552047,0.2541470946974961,0.4966505563507802,0.3083445203798735
2,monomial,8,2.0,0.00031622776601683794,0.36831738253985796,0.036941165916517645,164,0.44857117577082495,0.32156506061841783,0.2798755664821103,0.4641080067725071,0.32746710305543003
2,monomial,8,2.0,0.001,0.3869561833925902,0.017980584102255354,164,0.44293148957547335,0.3837084161835549,0.33167931198745243,0.3997082870136669,0.3767534122028034
2,monomial,8,2.0,0.0031622776601683794,0.455850511299428,0.02214283412274596,164,0.4473448722040948,0.5214655888600139,0.4329338506613512,0.39228546952459925,0.48522277524708085
2,monomial,8,2.0,0.01,0.6498235809838157,0.05860678413743493,164,0.5254124984632733,0.8425874895183523,0.6370405620923064,0.5373284249515834,0.7067489298935634
2,monomial,8,2.0,0.03162277660168379,1.056923747155811,0.10888397592617133,164,0.8109320519109339,1.446838999363636,0.9949576506012022,0.9227509279342213,1.1091391059690614
2,monomial,8,2.0,0.1,1.7445499236501234,0.14831811908996895,164,1.5948736710910165,2.3208668312282423,1.5355617521821792,1.5407005982167443,1.730746765532436
2,monomial,8,2.0,0.31622776601683794,2.984166981847678,0.2252466458206945,164,3.4392097326172673,3.5860077247374926,2.4148909437628108,2.7050849226386307,2.7756415854821896
2,monomial,8,2.0,1.0,5.543253073855658,0.463471634721316,164,7.053619722107084,5.833039067996065,4.244753072159914,5.5363589663376,5.048494540677632
2,monomial,8,2.0,3.1622776601683795,10.023461049396538,0.8519084157843658,164,12.706297465728678,9.624270206121555,7.683062109506407,10.968057341141126,9.135618124484923
2,monomial,8,2.0,10.0,15.42557586584183,1.2953715182833203,164,19.268546780614617,14.295974648349022,12.088499119518342,17.49594248284764,13.978916297879541
2,monomial,8,2.0,31.622776601683793,20.993647060290364,1.7215286188803551,164,25.741196873246622,19.23015872234947,16.787771326120485,24.3603017866834,18.84880659305185
2,monomial,8,2.0,100.0,27.458912411933234,2.1941183150337364,164,32.95698236344413,25.172664243912955,22.35354545344881,32.465849484041,24.345520514819263
2,monomial,8,2.0,316.2277660168379,33.68810151813227,2.727939410158743,164,40.67091717552553,31.391130091518455,27.455516449829354,39.693868903259606,29.229074970528394
2,monomial,8,2.0,1000.0,39.274204626535145,3.315026625823721,164,48.52032218617755,37.372137781840436,31.80593820531815,45.45582080472625,33.216804154613364
2,monomial,9,0.0,9.999999999999999e-06,0.4619548299739028,0.10618151395718976,219,0.4217633655439421,0.4053669654250672,0.2868215559125172,0.8745271490780189,0.32129511390996857
2,monomial,9,0.0,3.1622776601683795e-05,0.4614657484700773,0.10606007985701178,219,0.4215160350558362,0.40447312090560594,0.2865953654747017,0.8736056550175852,0.3211385658966575
2,monomial,9,0.0,0.0001,0.4599220356853997,0.10557583391496254,219,0.42088444062782254,0.40185716890909245,0.28594774024132064,0.8702524374179692,0.3206683912307936
2,monomial,9,0.0,0.00031622776601683794,0.4552553664653337,0.10354638804277012,219,0.41985189004713563,0.3951041321971853,0.2843518384514913,0.8576103857530052,0.3193585858778515
2,monomial,9,0.0,0.001,0.4435649625208706,0.09705724488483984,219,0.4200155303030798,0.38106128585503013,0.2811341067327408,0.8194862716563757,0.3161276180571265
2,monomial,9,0.0,0.0031622776601683794,0.42303878798055017,0.08511992855114903,219,0.4240512430382017,0.35801573718220975,0.2750192112983364,0.7484745095486861,0.30963323883531685
2,monomial,9,0.0,0.01,0.39611066277902013,0.07230925572823357,219,0.42277104639661867,0.3282058084860694,0.26323600060768426,0.6654287158764409,0.3009117425282871
2,monomial,9,0.0,0.03162277660168379,0.36652309032938685,0.06307373368371455,219,0.39012324280595656,0.299799505977247,0.24659909150719023,0.601152840647978,0.2949407707085624
2,monomial,9,0.0,0.1,0.34294562213044194,0.05751950137058552,219,0.34353290862594893,0.2812223095174,0.23428852292712854,0.5622641521598035,0.2934202174219286
2,monomial,9,0.0,0.31622776601683794,0.3302922961985494,0.049648225658316836,219,0.3348678399078663,0.27406668721249294,0.2320907469413156,0.5175688356584195,0.2928673712726523
2,monomial,9,0.0,1.0,0.3256621376842424,0.034983680535954444,219,0.3662552592597542,0.2820664320205289,0.2428321412057545,0.4406351651448907,0.29652169079028373
2,monomial,9,0.0,3.1622776601683795,0.3402383977553828,0.02304855399066187,219,0.4111831339581233,0.32310092552871206,0.2782955170413856,0.37102561546485247,0.31758679678384016
2,monomial,9,0.0,10.0,0.40012438498556807,0.02046358012662152,219,0.45953475128672017,0.43843246011040726,0.35712555569321064,0.36876178666678283,0.37676737117071946
2,monomial,9,0.0,31.622776601683793,0.5418579109354422,0.04104206871561931,219,0.5209178480599362,0.6963710753485645,0.5076915585531737,0.45173156420677973,0.532577508508757
2,monomial,9,0.0,100.0,0.9245040265288316,0.08597823060851766,219,0.7900646473089636,1.2295418066186157,0.8698732616674605,0.7502998100691711,0.9827406069799471
2,monomial,9,0.0,316.2277660168379,1.943711725385042,0.11578782388539956,219,1.8292796527822275,2.3005234932578813,1.8199864297674413,1.6548418451968676,2.1139272059207923
2,monomial,9,0.0,1000.0,4.380939799999313,0.15756094889099054,219,4.7785943040442245,4.505585761171183,3.8759305160423936,4.188365605384624,4.556222813354134
2,monomial,9,1.0,9.999999999999999e-06,0.4507732311651719,0.10023484808803959,219,0.42200142164529436,0.39074619246059783,0.2832485070844005,0.8393136003348634,0.3185564343007029
2,monomial,9,1.0,3.1622776601683795e-05,0.43469801751643944,0.09048915863706976,219,0.42496399822734343,0.3730013822412289,0.2787132204412116,0.7825791619176994,0.31423232475471397
2,monomial,9,1.0,0.0001,0.41079576840666104,0.07728509298161781,219,0.43011863625240404,0.34614773734719284,0.2702139036418395,0.7010599493341838,0.306438615457685
2,monomial,9,1.0,0.00031622776601683794,0.38343243427037804,0.0668516956236929,219,0.4197035880223693,0.31527166630219633,0.2563132378994402,0.6281946778993523,0.29767900122853225
2,monomial,9,1.0,0.001,0.35822335746473677,0.06148314187494763,219,0.37861778436818927,0.290517590170993,0.24120271219610329,0.5877107658256046,0.29306793476279347
2,monomial,9,1.0,0.0031622776601683794,0.3436195535216055,0.05862915741754667,219,0.34790873579225673,0.2775161051977367,0.23332748036031914,0.5663929879469316,0.29295245831078354
2,monomial,9,1.0,0.01,0.3389698054138758,0.051858172447860805,219,0.35554046404921225,0.2761470588649625,0.23656093417938018,0.531677857792366,0.29492271218345795
2,monomial,9,1.0,0.03162277660168379,0.33863803309090595,0.03624528082658165,219,0.3780755666093122,0.29398552527882754,0.25542365066175726,0.45995891461315697,0.30574650829147587
2,monomial,9,1.0,0.1,0.3607995065204558,0.017568297022862018,219,0.4020898262609426,0.35716587077174833,0.30457671033123146,0.3937622408290381,0.34640288440931866
2,monomial,9,1.0,0.31622776601683794,0.4553488224234828,0.019829188232371765,219,0.4415247734724388,0.5303544263434867,0.4178307532280739,0.4301117937385187,0.45692236533489583
2,monomial,9,1.0,1.0,0.681286371521953,0.05900472800156716,219,0.5563146317970205,0.899902378834556,0.6357600164184084,0.6185625191357838,0.6958923114239968
2,monomial,9,1.0,3.1622776601683795,1.1748962210597278,0.10296403008504551,219,1.0336564844762763,1.5633569963320215,1.0551224980340999,1.0144403585352948,1.2079047679209467
2,monomial,9,1.0,10.0,2.3688393103142453,0.15079893337797107,219,2.6025252571756154,2.781752938696679,2.011139260649524,2.051157353022383,2.3976217420270234
2,monomial,9,1.0,31.622776601683793,5.09888452506421,0.33484787826039686,219,6.234903270826105,5.161776942672484,4.140777943902938,4.956050779216396,5.00091368870313
2,monomial,9,1.0,100.0,9.995890981261846,0.8313004601218781,219,12.689475803523553,9.20757662278772,7.794638897129121,10.870193391160074,9.417570191708759
2,monomial,9,1.0,316.2277660168379,17.467216176220543,1.6556711425111617,219,22.58251106615767,15.681142090406635,13.35138530244834,19.887735396758817,15.833307025331251
2,monomial,9,1.0,1000.0,27.94696955371424,2.625845274611916,219,35.97548779388797,25.717334560081724,21.782616454771965,32.02886192425165,24.230547035577903
2,monomial,9,2.0,9.999999999999999e-06,0.36965325656740156,0.062167666914907355,219,0.4108874506449845,0.30090691471639325,0.2481252178240076,0.594164191403612,0.29418250824801057
2,monomial,9,2.0,3.1622776601683795e-05,0.35195270216316227,0.06028396786031398,219,0.3707031423038099,0.2825238093505431,0.23704390101311917,0.5772201574798016,0.2922725006685377
2,monomial,9,2.0,0.0001,0.3471597473861391,0.059261107579814364,219,0.35740809437291904,0.2769088423462778,0.23544463855944894,0.5708112059141809,0.2952259557378687
2,monomial,9,2.0,0.00031622776601683794,0.3489206407829883,0.05244229283958553,219,0.3657490108716428,0.28534944468063766,0.24699147217445,0.5441660135495018,0.3023472626387092
2,monomial,9,2.0,0.001,0.35538477670564017,0.032947487730092456,219,0.37938056723692604,0.3208599434116587,0.27924117967750633,0.4707941715484825,0.32664802165362733
2,monomial,9,2.0,0.0031622776601683794,0.39880582647761303,0.011396758434371178,219,0.4000777907227178,0.4231539247023287,0.3560116733065745,0.41089001599838754,0.4038957276580567
2,monomial,9,2.0,0.01,0.5582495919963316,0.039690545456111885,219,0.4740130845615985,0.6931615397126356,0.533280712398402,0.4941327448102193,0.5966598784988025
2,monomial,9,2.0,0.03162277660168379,0.9153572890537905,0.08845390891084408,219,0.7136517185252913,1.2297603529205647,0.8574131349040309,0.8102279114525496,0.9657333274665156
2,monomial,9,2.0,0.1,1.557631558097368,0.13054707399167317,219,1.4028206956464966,2.0590068966025443,1.3685334504700692,1.3857554341064326,1.5720413136612985
2,monomial,9,2.0,0.31622776601683794,2.7777247927114246,0.20042708889455355,219,3.150176046832496,3.3265289269481286,2.2542096727446266,2.506925167277872,2.6507841497539983
2,monomial,9,2.0,1.0,5.331695359855589,0.42014187556347554,219,6.6878478071446805,5.598492203219132,4.108195782012593,5.2791483594772695,4.984792647424269
2,monomial,9,2.0,3.1622776601683795,9.791115254470093,0.8023144687349292,219,12.294765157678734,9.372725970385458,7.520301024581757,10.67668628474846,9.09109783495605
2,monomial,9,2.0,10.0,15.207090992860188,1.2611609527307617,219,18.90674045005499,14.039338477223813,11.904899900147644,17.259323005913014,13.925153130961471
2,monomial,9,2.0,31.622776601683793,20.863395149480525,1.703793259393369,219,25.528679493368188,19.062028175307322,16.668375053860853,24.227494047127614,18.830398977738657
2,monomial,9,2.0,100.0,27.402852413050766,2.1849691913670224,219,32.86033401647618,25.09303276492482,22.301271162576448,32.40643617549212,24.35318794578427
2,monomial,9,2.0,316.2277660168379,33.663789766185005,2.7228316675666258,219,40.62676550598146,31.354626326956826,27.434571427679366,39.667663107097326,29.235322463210043
2,monomial,9,2.0,1000.0,39.26158048222161,3.31237853758111,219,48.49852786214089,37.35379963560213,31.795859502928117,45.4425450670672,33.21717034336974
2,monomial,10,0.0,9.999999999999999e-06,0.9229759959359791,0.5208515212174175,285,0.39701456973362037,0.47634348107797864,0.34877285921678813,3.0047342475532828,0.38801482209822546
2,monomial,10,0.0,3.1622776601683795e-05,0.9004636455389138,0.5016323244437062,285,0.39604681924264307,0.47001564307524646,0.34421805980600373,2.9053567096188977,0.3866809959517777
2,monomial,10,0.0,0.0001,0.8486802140117664,0.4570942684097183,285,0.3963844010785016,0.45439349902146137,0.33337516595078054,2.675434132627313,0.38381387138077544
2,monomial,10,0.0,0.00031622776601683794,0.7678111164881495,0.38678158091938236,285,0.4055280489289842,0.42547101817788197,0.31548573504997796,2.313159436118726,0.37941134416517674
2,monomial,10,0.0,0.001,0.6739744073482481,0.30336205641528663,285,0.43049127178348934,0.3879361495164707,0.29629230521309313,1.884317842143643,0.3708344680845442
2,monomial,10,0.0,0.0031622776601683794,0.5555470311993729,0.19758270511818093,285,0.46043492964519217,0.3533765240510091,0.27780868873971043,1.337221521761179,0.34889349179977347
2,monomial,10,0.0,0.01,0.4375165092541936,0.101303268451741,285,0.46171503976726613,0.32721298779416025,0.2604555876093452,0.8206107868715955,0.3175881442286009
2,monomial,10,0.0,0.03162277660168379,0.3688902225286922,0.0592991545815679,285,0.4223458705142087,0.3059038703514013,0.2463594977433153,0.5759335584230256,0.2939083156115098
2,monomial,10,0.0,0.1,0.33835074928326275,0.047392420164262324,285,0.38108903152458923,0.2883730499728143,0.23621684824547912,0.5030008192631726,0.28307399741025846
2,monomial,10,0.0,0.31622776601683794,0.32762917287104865,0.04107364916329386,285,0.3918225081053552,0.27832380015574787,0.2328581643091197,0.45422199264649754,0.28091939913852315
2,monomial,10,0.0,1.0,0.33030020343902805,0.039968296172480815,285,0.4611819737054141,0.27955151569683767,0.24296146628115523,0.38180820346886074,0.28599785804287253
2,monomial,10,0.0,3.1622776601683795,0.34128982312996575,0.047720429074998676,285,0.5304957709584782,0.30128558444788156,0.2697657675296345,0.3049963603866416,0.299905632327193
2,monomial,10,0.0,10.0,0.3765857542020773,0.04861388781437483,285,0.5636804607862947,0.3709858791410224,0.32136397451469795,0.28886745481037046,0.3380310017580009
2,monomial,10,0.0,31.622776601683793,0.48047403132252847,0.04144919421311121,285,0.5906172995625539,0.5523706782207581,0.4359220083548454,0.3587031880658308,0.46475698240865393
2,monomial,10,0.0,100.0,0.7863528445758744,0.05683598978728331,285,0.7523014294524324,0.9670869213153462,0.7381379027316914,0.6284689437335534,0.8457690256463488
2,monomial,10,0.0,316.2277660168379,1.593971239772592,0.09029084228056912,285,1.4879780214260074,1.8416157395477772,1.5072068203649696,1.364720951713182,1.768334665811023
2,monomial,10,0.0,1000.0,3.518977673402864,0.11220253275947066,285,3.7706145786167617,3.628374013111837,3.1802092085851816,3.332506264626602,3.6831843020739363
2,monomial,10,1.0,9.999999999999999e-06,0.7136645472139744,0.33899513292421357,285,0.4174584026459958,0.40613728412738404,0.3033645856725619,2.067311319259366,0.37405114436456377
2,monomial,10,1.0,3.1622776601683795e-05,0.6005676056819824,0.23985784692270504,285,0.43828235757123224,0.3685770030459419,0.28336758961047426,1.554956016587778,0.35765506159448524
2,monomial,10,1.0,0.0001,0.4767541221700934,0.13440157033466218,285,0.45058450256842875,0.33867832786128743,0.26573468325213134,1.000975919865501,0.32779717730311836
2,monomial,10,1.0,0.00031622776601683794,0.3909702353080201,0.07118068548991409,285,0.43934812849080523,0.3161030393923603,0.2515954226912979,0.6474066032908106,0.30039798267482654
2,monomial,10,1.0,0.001,0.352996752628207,0.05309103522240157,285,0.4036781847214238,0.2968477889844897,0.24119278718492382,0.5366833268921015,0.28658167535809637
2,monomial,10,1.0,0.0031622776601683794,0.33838527540729374,0.048671825725491655,285,0.3853637715075359,0.28294561823111997,0.2347048920938728,0.5063955688452915,0.28251652635864855
2,monomial,10,1.0,0.01,0.33690877577529094,0.045464600690955925,285,0.41434768706143765,0.2770830140732845,0.2360274157471963,0.473729133520847,0.28335662847368925
2,monomial,10,1.0,0.03162277660168379,0.33996479090619386,0.04058474795585678,285,0.4644764953102417,0.285231855221152,0.2519197271523384,0.4062154249401573,0.29198045190707994
2,monomial,10,1.0,0.1,0.35138012519669426,0.03541095226524786,285,0.4896804556048583,0.3247638722427789,0.2883881667761523,0.3337369173366911,0.32033121402299053
2,monomial,10,1.0,0.31622776601683794,0.41050368990920844,0.026459422379198377,285,0.49359893219978046,0.4421777693876585,0.3686509140655254,0.34502914676912105,0.4030616871239567
2,monomial,10,1.0,1.0,0.5831268754358769,0.039906615438617926,285,0.5368211772868406,0.726894472185347,0.5446459018308092,0.4997046992954842,0.6075681265809034
2,monomial,10,1.0,3.1622776601683795,0.9994157321023837,0.08128776432948306,285,0.8739593888344604,1.2906833066984826,0.9118194893126794,0.8582150829461792,1.0624013927201161
2,monomial,10,1.0,10.0,2.0177680591227003,0.12210990694475848,285,2.192545554034438,2.3478961486096597,1.7320426123923014,1.745350071917981,2.0710059086591217
2,monomial,10,1.0,31.622776601683793,4.419756337381017,0.3079091591125329,285,5.511745600922022,4.461944980757313,3.6158756517664883,4.230438654708416,4.278776798750846
2,monomial,10,1.0,100.0,9.024186496419208,0.8037962569532237,285,11.789068812546786,8.33834702182249,7.075641008190092,9.666565598894739,8.251310040641933
2,monomial,10,1.0,316.2277660168379,16.247139539748797,1.651633492896621,285,21.652516982092678,14.679297498720643,12.350865178403478,18.238517035261093,14.314501004266088
2,monomial,10,1.0,1000.0,26.74871705535252,2.649266906356263,285,35.173067367168116,24.679211879912515,20.67596110183027,30.36277705303838,22.852567874813335
2,monomial,10,2.0,9.999999999999999e-06,0.3645127459044123,0.05684809907716455,285,0.4275823332487853,0.3039178914197086,0.2446574088023748,0.556863463216362,0.28954263283483106
2,monomial,10,2.0,3.1622776601683795e-05,0.3468014626765317,0.051684866600204694,285,0.4006876977357396,0.2876441632618313,0.23769878721314025,0.5235272934593505,0.2844493717125971
2,monomial,10,2.0,0.0001,0.34333755162040347,0.05159266001930857,285,0.39750650305128044,0.2788872901194942,0.2355339525708958,0.5197561132075215,0.2850038991528255
2,monomial,10,2.0,0.00031622776601683794,0.3464822198258897,0.0480796151329795,285,0.4191780136234291,0.2807083634661093,0.24419206786455722,0.4981165215353965,0.29021613263995666
2,monomial,10,2.0,0.001,0.3506067119690826,0.034244778092165196,285,0.438712390190077,0.3054475486137295,0.2716518479966158,0.4267914881620694,0.3104302848829212
2,monomial,10,2.0,0.0031622776601683794,0.37898465614298943,0.017793698517803307,285,0.4423568261783803,0.38220293938389205,0.3342618994422507,0.3622757834759297,0.3738258322344942
2,monomial,10,2.0,0.01,0.5000517019322238,0.02968172729388021,285,0.4675851482210887,0.5934679184480682,0.4791309061777077,0.422589042623866,0.5374854941903885
2,monomial,10,2.0,0.03162277660168379,0.8120203856089457,0.07346574496884939,285,0.6437831609579261,1.062304175833873,0.7705371543991577,0.70672394397575,0.8767534928780216
2,monomial,10,2.0,0.1,1.4144497384862507,0.11442146046069554,285,1.2654761314807492,1.8474774592890548,1.257004793272826,1.2528206451610582,1.4494696632275652
2,monomial,10,2.0,0.31622776601683794,2.5638424046436405,0.18530162031446992,285,2.924019366544319,3.0619710427053,2.0888837910493168,2.3021293323774032,2.4422084905418644
2,monomial,10,2.0,1.0,4.991228144067973,0.41700636217791176,285,6.377603060341622,5.245447821873719,3.8383763430124,4.894341912811391,4.600371582300734
2,monomial,10,2.0,3.1622776601683795,9.382661816417828,0.802697151864074,285,11.973780902994395,8.99498429870894,7.189111109491495,10.155710201368475,8.599722569525836
2,monomial,10,2.0,10.0,14.886543425332894,1.2605926741346034,285,18.678533250816955,13.76290507205565,11.636308976959679,16.821688360033683,13.53328146679851
2,monomial,10,2.0,31.622776601683793,20.644650902451566,1.7031352389985157,285,25.389940026283504,18.880288257254897,16.474859262804564,23.911983212674564,18.566183753240306
2,monomial,10,2.0,100.0,27.254898755771045,2.1841140511420662,285,32.76936224282501,24.96629464766445,22.16212990024021,32.19341887065072,24.18328811747484
2,monomial,10,2.0,316.2277660168379,33.588099683872045,2.7230144759741033,285,40.57880043304156,31.28653964275165,27.361260397201647,39.561432385520554,29.152465560844792
2,monomial,10,2.0,1000.0,39.232425927824885,3.3127809855844355,285,48.479641981119585,37.32663021832816,31.76734087516625,45.40212836202984,33.186388202480586
2,monomial,11,0.0,9.999999999999999e-06,3.821664869772492,2.4143352069921136,363,3.3084982460783237,1.1084287076150727,0.6998704795138444,13.283048065298601,0.7084788503566195
2,monomial,11,0.0,3.1622776601683795e-05,2.605450543397325,1.4028228235066844,363,2.974104146149919,0.9637221256281128,0.5392111067018135,7.927655037932693,0.6225603005740876
2,monomial,11,0.0,0.0001,1.5532997600841116,0.6779578019786962,363,2.004264311531447,0.7655118280603113,0.4466620155403631,4.021758645145422,0.5283020001430151
2,monomial,11,0.0,0.00031622776601683794,1.0041724131113021,0.4143068062175113,363,0.9794280309175141,0.5841586655193681,0.39415185361453,2.6103515047041306,0.4527720108009679
2,monomial,11,0.0,0.001,0.8179706290832984,0.39030732008728114,363,0.5013089827558012,0.4714928532769801,0.3399122262756139,2.375171933749388,0.4019671493587086
2,monomial,11,0.0,0.0031622776601683794,0.6821397469360192,0.32777956015026694,363,0.3548717919950323,0.4103102380782609,0.29534318475762433,1.9912326136441347,0.35894090620504343
2,monomial,11,0.0,0.01,0.530225043488633,0.2094519160859358,363,0.32497370353526434,0.36915960019271105,0.2724277831019402,1.3657862755427599,0.3187778550704892
2,monomial,11,0.0,0.03162277660168379,0.43073434829467416,0.12390470375008462,363,0.34722120584341953,0.33453314771509746,0.26004152621668586,0.9223946941550226,0.2894811675431455
2,monomial,11,0.0,0.1,0.3772060408998478,0.08366701638219018,363,0.35344202530860497,0.3053033262167487,0.24611415243496407,0.7043303443425188,0.27684035619640246
2,monomial,11,0.0,0.31622776601683794,0.3438338658609884,0.06533129166780839,363,0.32752371000783664,0.28345799966742996,0.23336934303396645,0.5982463432450298,0.276571933350679
2,monomial,11,0.0,1.0,0.32881556059579636,0.05076095662705525,363,0.3395932542932179,0.2741060199393108,0.23172912591135217,0.5198555027817989,0.27879390005330185
2,monomial,11,0.0,3.1622776601683795,0.3287886719444463,0.036617245886796074,363,0.4158234547062637,0.281297097756102,0.24540562402785587,0.41805936169594665,0.28335782153606326
2,monomial,11,0.0,10.0,0.3537026377644724,0.03943178011584846,363,0.5065420781094137,0.3274311453465649,0.2861330123422742,0.34345398967904556,0.30495296334506394
2,monomial,11,0.0,31.622776601683793,0.43023603998817145,0.04112484831711904,363,0.5732595424866034,0.46739720143262,0.38232899950111243,0.34236454051216003,0.3858299160083614
2,monomial,11,0.0,100.0,0.6501739009349756,0.04781969586109712,363,0.6919487809377072,0.7911964435728374,0.617426210453379,0.498428451498419,0.6518696182125353
2,monomial,11,0.0,316.2277660168379,1.299597959733078,0.07871471881717125,363,1.2256754556038092,1.5226338991996688,1.2642376499218484,1.0680927424407474,1.417350051499317
2,monomial,11,0.0,1000.0,2.992657388282393,0.10050828532415723,363,3.0574378784822422,3.1734326800251957,2.8279412041277965,2.692657978523896,3.2118172002528325
2,monomial,11,1.0,9.999999999999999e-06,0.8142706337771262,0.36660885102042956,363,0.5492689718943192,0.4943986647483909,0.34573881022984554,2.2740176901091482,0.4079290319039271
2,monomial,11,1.0,3.1622776601683795e-05,0.6840690894671977,0.3211661852234583,363,0.3621833989078488,0.4219668591353443,0.29959196094264395,1.9663810135331712,0.3702222148169804
2,monomial,11,1.0,0.0001,0.5517170063200715,0.22335748762218918,363,0.3318240744474157,0.3781829144417533,0.2746153369195351,1.442730695518939,0.33123201027271476
2,monomial,11,1.0,0.00031622776601683794,0.4483222003807555,0.13420707656104724,363,0.35537165574254126,0.3447551931909166,0.26230761048541157,0.9809810156547932,0.29819552683011474
2,monomial,11,1.0,0.001,0.39457654172843093,0.09093879162368657,363,0.37764025562216547,0.3155621731841307,0.25042022323904634,0.7483611182076977,0.2808989383891146
2,monomial,11,1.0,0.0031622776601683794,0.3615331686973177,0.07362238735289793,363,0.3577092034190871,0.290584226743263,0.2369096938022884,0.6455493922731399,0.2769133272488101
2,monomial,11,1.0,0.01,0.3442110755342145,0.06452295096208618,363,0.3471881672004064,0.2748888363127648,0.22978091361406427,0.5911485144886561,0.2780489460551808
2,monomial,11,1.0,0.03162277660168379,0.3371888346402002,0.05020073905627058,363,0.3853956470243512,0.272623192093692,0.23600578826761254,0.5116395244532994,0.28028002136204594
2,monomial,11,1.0,0.1,0.33890528353303623,0.03480620928302771,363,0.43759939557642735,0.29620306466797497,0.2609522844373962,0.40622242180924906,0.29354925117413333
2,monomial,11,1.0,0.31622776601683794,0.3776396404328684,0.024729143840991678,363,0.4675498527024787,0.38379358065708746,0.32195693959718563,0.36727235239699446,0.34762547681059547
2,monomial,11,1.0,1.0,0.5068365908867575,0.02760690292939588,363,0.5021120757473386,0.6099703049838958,0.46096878749017645,0.4571161250038653,0.5040156612085112
2,monomial,11,1.0,3.1622776601683795,0.8516202710745144,0.06728664677326038,363,0.7592024067196668,1.094218766569663,0.7772082165226046,0.7278663940145115,0.899605571546126
2,monomial,11,1.0,10.0,1.7888470255553846,0.11139258606051297,363,1.906760859044598,2.094354297751187,1.5683478534154731,1.4980196697098163,1.8767524478558475
2,monomial,11,1.0,31.622776601683793,4.067335857792491,0.2555345309783566,363,4.9464702689922495,4.14213065167941,3.410414096312342,3.757845420988552,4.0798188509899
2,monomial,11,1.0,100.0,8.507825950802824,0.7003588082945775,363,10.912897248890996,7.837995705211658,6.7327084361095855,8.98883437353689,8.066693990264985
2,monomial,11,1.0,316.2277660168379,15.713255714039926,1.5400931877648742,363,20.680473777480163,14.021007276241562,11.952713533229076,17.63550807168873,14.276575911560101
2,monomial,11,1.0,1000.0,26.301440800501105,2.5478536723644964,363,34.343905979422615,24.035468502320416,20.32863481760183,29.886831884769975,22.912362818390676
2,monomial,11,2.0,9.999999999999999e-06,0.40398534399639735,0.09331463136870419,363,0.39377706591052897,0.32292283208319994,0.2526560410187867,0.7652323724146526,0.2853384085548186
2,monomial,11,2.0,3.1622776601683795e-05,0.371311857207249,0.0747125927554923,363,0.3866313302453005,0.2964128807777465,0.24060181742375059,0.6543458485221217,0.27856740906732597
2,monomial,11,2.0,0.0001,0.35371302261090987,0.06917787784614535,363,0.36262556154994774,0.27785961251648594,0.2318871769477489,0.617241923574311,0.27895083846605584
2,monomial,11,2.0,0.00031622776601683794,0.34895016817462177,0.0632257745353073,363,0.37031996840246156,0.27240206409482914,0.23408923936816625,0.5856008951374784,0.28233867387017353
2,monomial,11,2.0,0.001,0.34596132592645124,0.04530111673268302,363,0.3959570091010879,0.2868929490720398,0.2532444354401714,0.5000021323785663,0.29371010364039085
2,monomial,11,2.0,0.0031622776601683794,0.3610260296021558,0.02037912584062577,363,0.414639306478026,0.3468224470768615,0.3033848241609217,0.3996489675239564,0.34063460277101326
2,monomial,11,2.0,0.01,0.4599302322306046,0.02029559147809906,363,0.44577003207039934,0.527224897063202,0.4287455214448276,0.41507501105369293,0.4828356995209008
2,monomial,11,2.0,0.03162277660168379,0.7395671082295723,0.06180505002908148,363,0.6026310992864412,0.9499646879515412,0.6958967074607383,0.6504158457473003,0.7989272007018405
2,monomial,11,2.0,0.1,1.3105623182681696,0.10319827987638872,363,1.175631360931956,1.695288194362508,1.1615800830841942,1.161413808640902,1.358898144321288
2,monomial,11,2.0,0.31622776601683794,2.4449906867828544,0.17231061247998836,363,2.7768810863537494,2.8994963870117054,1.9932201609870734,2.185459329985549,2.3698964695761933
2,monomial,11,2.0,1.0,4.864947154739395,0.3933595534963984,363,6.171476019897333,5.090277236063515,3.7543346953202446,4.73993672873202,4.568711093683865
2,monomial,11,2.0,3.1622776601683795,9.242650669237253,0.772716933417577,363,11.726478685922244,8.829998301410134,7.0897853840675324,9.977750504023726,8.589240470762622
2,monomial,11,2.0,10.0,14.753857736470405,1.238993990279028,363,18.45452310161266,13.596349887176782,11.522168903911908,16.67712991721255,13.519116872438122
2,monomial,11,2.0,31.622776601683793,20.56470843902845,1.6916667545349686,363,25.255906912704997,18.770517483798418,16.3985848771046,23.830459209845017,18.56807371168922
2,monomial,11,2.0,100.0,27.220724438538628,2.1780816713233326,363,32.70839086496071,24.914451756767917,22.12830597734453,32.156732075742106,24.195741517877863
2,monomial,11,2.0,316.2277660168379,33.57354724482905,2.7196574729567,363,40.55148795006074,31.263142277222784,27.347789259371204,39.54529820912528,29.160018528365278
2,monomial,11,2.0,1000.0,39.22503649266149,3.311076562185824,363,48.466555889298824,37.31520336682966,31.761084407586615,45.39412314511784,33.188215654474504
2,monomial,12,0.0,9.999999999999999e-06,7.504615662520995,2.7838065620553767,454,15.449142530336596,4.435974974712392,2.41088824125221,12.928126118179156,2.2989464481246196
2,monomial,12,0.0,3.1622776601683795e-05,5.188403862666663,2.058588523293693,454,9.92836635492667,2.5784175880081897,1.3849310535593597,10.475419597140704,1.5748847196983904
2,monomial,12,0.0,0.0001,3.057724931171312,1.2283451263930671,454,5.358072521749376,1.4856059758293003,0.7747466391404537,6.662896146679368,1.0073033724580625
2,monomial,12,0.0,0.00031622776601683794,1.7359123980944555,0.6672359466777547,454,2.690458803714642,0.9147512811448806,0.5027222679761317,3.897191327994509,0.6744383096421143
2,monomial,12,0.0,0.001,1.1232389827509972,0.47785971398011806,454,1.1291048591905277,0.6203080219502046,0.38576476646363245,2.9669083034424246,0.5141089627081972
2,monomial,12,0.0,0.0031622776601683794,0.8617577800994015,0.43763394956357865,454,0.47355656478416436,0.4783991334375906,0.32125917015436717,2.608639429644876,0.4269346024760098
2,monomial,12,0.0,0.01,0.6898862777281416,0.3397604352124644,454,0.34289322252566484,0.406713342225128,0.28774639818133807,2.046755510827193,0.365322914881384
2,monomial,12,0.0,0.03162277660168379,0.5126349608545783,0.19171345589963198,454,0.34734433913521906,0.35770547070814107,0.2670798535883343,1.2768793699558834,0.31416577088531356
2,monomial,12,0.0,0.1,0.39400555688753025,0.09521167298358757,454,0.3472743491017709,0.32253522126496226,0.24976107148479465,0.7689169052394218,0.2815402373467016
2,monomial,12,0.0,0.31622776601683794,0.345228023652552,0.06287499405202521,454,0.3302204285592316,0.29832296953922655,0.23710906370409585,0.5891382931631404,0.2713493632970655
2,monomial,12,0.0,1.0,0.3279162709099154,0.0444775304577672,454,0.36009541396187117,0.2857093132403837,0.2347172506696052,0.486146156808823,0.2729132198688938
2,monomial,12,0.0,3.1622776601683795,0.3344132449966982,0.04139482359770359,454,0.4795577750768635,0.28870249528616065,0.2509646660800511,0.37126923681476,0.28157205172565597
2,monomial,12,0.0,10.0,0.36427498859388086,0.0618810676847614,454,0.6108144182015516,0.3228347935901653,0.2911212259137472,0.29442450405595827,0.302180001207982
2,monomial,12,0.0,31.622776601683793,0.4341922043112609,0.06467539353085457,454,0.679571198641786,0.43826570988807345,0.37312161069898736,0.30871868775184275,0.37128381457561505
2,monomial,12,0.0,100.0,0.6370954573780843,0.05090047876012347,454,0.7739316292928714,0.7250881565028305,0.584391446597573,0.4887468923359856,0.6133191621611609
2,monomial,12,0.0,316.2277660168379,1.2130694797340642,0.059212167868003256,454,1.2028150504257766,1.374043246201234,1.1588260173856284,1.0297246231060644,1.2999384615516174
2,monomial,12,0.0,1000.0,2.6474631977282046,0.08515526391355563,454,2.67052897772592,2.8104619763616903,2.509910647503121,2.4020394564480423,2.8443749306022488
2,monomial,12,1.0,9.999999999999999e-06,1.1098815199097398,0.5038083747895394,454,0.9270951308005607,0.6343602095431217,0.39063584030660115,3.0930277829813395,0.5042886359170757
2,monomial,12,1.0,3.1622776601683795e-05,0.8531439687632609,0.43953986350045543,454,0.4243597472160528,0.48823736037201676,0.3258928876023223,2.608250850497937,0.418978998127976
2,monomial,12,1.0,0.0001,0.7036370297704598,0.3469873029165167,454,0.35757252410957424,0.4133244518062028,0.28944151960231623,2.089316383544243,0.36853026978996284
2,monomial,12,1.0,0.00031622776601683794,0.5394234170992573,0.20915550051281792,454,0.3701407411990014,0.3635556172635874,0.2685295792114818,1.3728956623765778,0.321995485445638
2,monomial,12,1.0,0.001,0.4150709789238783,0.10583818929555429,454,0.3768311674420308,0.3283626066514652,0.25242999488835105,0.8302029605912475,0.2875281650462965
2,monomial,12,1.0,0.0031622776601683794,0.361902761779678,0.07115904844902399,454,0.3579833106605985,0.30223061435205006,0.23949208115208886,0.6357536699414437,0.2740541327922089
2,monomial,12,1.0,0.01,0.3412937546203373,0.057950039082475265,454,0.3588795423701317,0.2846654776677243,0.23226579090869617,0.5581550860576302,0.2725028760975039
2,monomial,12,1.0,0.03162277660168379,0.33715606684343935,0.04586194474169188,454,0.42405411729589293,0.2785547638078049,0.23823766039555375,0.4694267208316617,0.27550707188628343
2,monomial,12,1.0,0.1,0.3430565403367304,0.044301802945721856,454,0.5071299247077512,0.2940483800510453,0.26268943657767185,0.36359064600998675,0.2878243143371971
2,monomial,12,1.0,0.31622776601683794,0.37352576335921983,0.04257092769161952,454,0.5403586027816503,0.3628651101938117,0.3136077105180483,0.319224974162278,0.33157241914031116
2,monomial,12,1.0,1.0,0.48006224348892135,0.030319439215742833,454,0.5464586553345623,0.5526673760080713,0.4295314490982186,0.40237181558905916,0.4692819214146957
2,monomial,12,1.0,3.1622776601683795,0.783931390993438,0.05627816588745716,454,0.7229174314749451,0.9789123450707621,0.7137349015964525,0.6664789787771284,0.8376132980479015
2,monomial,12,1.0,10.0,1.6215368202168523,0.09495736881510156,454,1.7018820191595165,1.8766236181534253,1.427511969241568,1.375947886072548,1.725718608457204
2,monomial,12,1.0,31.622776601683793,3.68396930647531,0.2339817109246415,454,4.50361896339904,3.7342478004646926,3.1072841547019467,3.38729141526663,3.6874041985442423
2,monomial,12,1.0,100.0,7.8726284898544945,0.6784073810897331,454,10.284585850749114,7.250500713482696,6.273560709686079,8.238190867734899,7.316304307619681
2,monomial,12,1.0,316.2277660168379,14.818669340907519,1.538286567502099,454,19.987334556345274,13.283456678905328,11.247917382311183,16.44597784146047,13.128660245515348
2,monomial,12,1.0,1000.0,25.308525676606006,2.575651107142469,454,33.71014566148401,23.188584100047187,19.424352847164915,28.493240533444066,21.72630524088985
2,monomial,12,2.0,9.999999999999999e-06,0.42766732341092883,0.11151766016119109,454,0.3980657506777945,0.33183130501381686,0.25345727582606237,0.8633402993640213,0.291641986172949
2,monomial,12,2.0,3.1622776601683795e-05,0.37105847594165475,0.07229930240742165,454,0.38960439006309067,0.30429992711974296,0.24130647601274244,0.6431689460969902,0.2769126404157074
2,monomial,12,2.0,0.0001,0.35106548702163076,0.06376836856529222,454,0.37298493480189554,0.2847971413205426,0.2335831508356338,0.5893967438231937,0.2745654643268881
2,monomial,12,2.0,0.00031622776601683794,0.3465358114569134,0.05757417166447905,454,0.3927883087336277,0.27639056807734963,0.23502800227842657,0.5514137284760066,0.27705844971915666
2,monomial,12,2.0,0.001,0.34566906958054927,0.043731684312588365,454,0.43455181414700633,0.28570197456478513,0.25292285704931683,0.46734508626702603,0.2878236158746122
2,monomial,12,2.0,0.0031622776601683794,0.3574367334360029,0.026789644371333663,454,0.45488439409139414,0.33553896969415853,0.2983261565740435,0.3685685122186776,0.32986563460174073
2,monomial,12,2.0,0.01,0.43995896982939886,0.02024235261387992,454,0.4636274442566612,0.49090908874906247,0.40862172040456235,0.3788196591583576,0.4578169365783508
2,monomial,12,2.0,0.03162277660168379,0.6925603352665319,0.05438994584674812,454,0.5797597081143013,0.8725613783706117,0.6540760897220721,0.6002675953731834,0.7561369047524911
2,monomial,12,2.0,0.1,1.2348633334336019,0.09428826328581941,454,1.1048852724390392,1.5799085548819487,1.0998398307003492,1.093796487813781,1.2958865213328914
2,monomial,12,2.0,0.31622776601683794,2.322818889293586,0.16276561021822158,454,2.6466887642808987,2.7427281430649715,1.8959056987150134,2.0744400576313646,2.2543317827756826
2,monomial,12,2.0,1.0,4.660119021771536,0.3920222555864271,454,5.986456355771412,4.871586552109593,3.5902047840634745,4.514384938630984,4.337962478282217
2,monomial,12,2.0,3.1622776601683795,8.978609408208843,0.7752978358628408,454,11.527499877925225,8.58183714388688,6.876280378269871,9.64162360746,8.265806033502237
2,monomial,12,2.0,10.0,14.533061376007879,1.240537677867795,454,18.306744337538788,13.404654997183997,11.33721420353252,16.373544328904547,13.243149012879545
2,monomial,12,2.0,31.622776601683793,20.411792079965068,1.6924599497140689,454,25.166063463323063,18.64383804450008,16.262478687076186,23.607345786342393,18.37923441858363
2,monomial,12,2.0,100.0,27.118843331215935,2.1781138407159,454,32.65065419912615,24.82805192512468,22.0317617690564,32.00751240436511,24.07623635840733
2,monomial,12,2.0,316.2277660168379,33.52190445722919,2.7200408936543163,454,40.52116312468596,31.21714097023271,27.29740065273125,39.4713075690632,29.102509969432816
2,monomial,12,2.0,1000.0,39.20520473622465,3.311454978072892,454,48.4546098679863,37.29687188611206,31.741546620890468,45.36599540992775,33.16699989620669
2,monomial,14,0.0,9.999999999999999e-06,37.95875834751324,23.943610918135473,679,131.9312230798147,6.093603071294909,5.842177762221673,31.285688359797746,14.641099464437172
2,monomial,14,0.0,3.1622776601683795e-05,16.57151346845063,9.18743164371112,679,52.75777004499131,5.063651580525166,3.9161768809971966,13.193180831811711,7.926788003927752
2,monomial,14,0.0,0.0001,8.291755623974492,3.54025659862501,679,21.180461962453307,3.534632240135328,2.4271228707687715,10.690695616057436,3.62586543045762
2,monomial,14,0.0,0.00031622776601683794,4.761755763322254,1.905498755520698,679,10.001226165917382,2.164458466423925,1.3214588964951777,8.784790843066181,1.5368444447086025
2,monomial,14,0.0,0.001,2.814129635413658,1.1760869400773386,679,4.88565564103647,1.2905374018019624,0.721407508981956,6.368464241324978,0.8045833839229202
2,monomial,14,0.0,0.0031622776601683794,1.680688428289208,0.8029265264649378,679,1.8726891889031136,0.779353021339851,0.4523190732797057,4.730202662408472,0.5688781955148976
2,monomial,14,0.0,0.01,1.1141715558916103,0.6341028382291344,679,0.6136476935000635,0.5255894654387689,0.33679927690472083,3.6440629539107148,0.45075838970378335
2,monomial,14,0.0,0.03162277660168379,0.7868851356771629,0.4332322407332738,679,0.3463251797895993,0.4203593388775092,0.28789205061809897,2.517759001398031,0.3620901077025761
2,monomial,14,0.0,0.1,0.5320071659642035,0.2221387874833404,679,0.3132804460810403,0.3648160961315966,0.2650996970812826,1.418236095576001,0.298603494951097
2,monomial,14,0.0,0.31622776601683794,0.3942844891432943,0.10869960514528794,679,0.3016130320151668,0.3262656020909115,0.24938062469397412,0.8258345980216957,0.2683285888947232
2,monomial,14,0.0,1.0,0.34876460867071124,0.07142117800122355,679,0.30268433869003497,0.30372189248840714,0.24138453767761056,0.6305472911409559,0.26548498335654747
2,monomial,14,0.0,3.1622776601683795,0.3416373327807051,0.0451571412310622,679,0.38869326316033725,0.2998495487367352,0.2494417865791787,0.49588158931299275,0.27432047611428195
2,monomial,14,0.0,10.0,0.36992190641984896,0.05496319801343991,679,0.5827733559877173,0.3215060789448247,0.2850683748954381,0.364789585883325,0.2954721363879396
2,monomial,14,0.0,31.622776601683793,0.4377980534116812,0.0781865592655081,679,0.745589297139033,0.40799820157076006,0.36345297038783364,0.3222603230827318,0.3496894748780476
2,monomial,14,0.0,100.0,0.6096741317804255,0.07027856432799202,679,0.8638507504829004,0.6515511262328573,0.5431586416683377,0.4661482403674877,0.5236619001505445
2,monomial,14,0.0,316.2277660168379,1.0794879867288418,0.04947150056616011,679,1.193014080533508,1.1948572022786723,1.0074889557584723,0.9497647271168539,1.0523149679567028
2,monomial,14,0.0,1000.0,2.2378532795823043,0.06938812702499153,679,2.2518553373981254,2.413273382466513,2.138629691256866,2.03242189802362,2.353086088766397
2,monomial,14,1.0,9.999999999999999e-06,2.5391241162125366,1.1052915675270303,679,3.8511965665631074,1.1774634244733797,0.6288323922075263,6.283838576181672,0.7542896216369976
2,monomial,14,1.0,3.1622776601683795e-05,1.4608855433066756,0.7589325790163141,679,1.1614269028932882,0.736928235909483,0.42081476029933673,4.4541394939278,0.5311183235034704
2,monomial,14,1.0,0.0001,1.0142340287487983,0.5909104748461075,679,0.4274360562387902,0.5141523417754128,0.3287620473032327,3.3749611749680555,0.4258585234585001
2,monomial,14,1.0,0.00031622776601683794,0.758118933010852,0.4061370765012554,679,0.35229650272238244,0.41624922294926847,0.28534188286109285,2.3805514073755485,0.3561556491459681
2,monomial,14,1.0,0.001,0.5336243534011504,0.21489139260473558,679,0.3499078719668692,0.36286091799422937,0.2637457077440555,1.3902795410159106,0.301327728284688
2,monomial,14,1.0,0.0031622776601683794,0.4077598441901099,0.11220403468858675,679,0.3418505145882519,0.32544991667838374,0.24812113734607139,0.8513465244987742,0.27203112783906813
2,monomial,14,1.0,0.01,0.36263826311816266,0.08061222725671212,679,0.33200928059715346,0.29983355432428727,0.23664995708733388,0.6786718222790709,0.2660267013029677
2,monomial,14,1.0,0.03162277660168379,0.3470490911528912,0.05883400390061646,679,0.3821129342451145,0.2867154386598004,0.236572910675308,0.561449735781597,0.26839443640263594
2,monomial,14,1.0,0.1,0.34922098460208784,0.04773771188655217,679,0.5000936738135981,0.29168347488479635,0.2557073483602895,0.4226581279507428,0.27596229800101224
2,monomial,14,1.0,0.31622776601683794,0.37104137153825345,0.053560122834969866,679,0.5828379293233052,0.3388905226641103,0.29700956803294887,0.3328018439898234,0.30366699368107936
2,monomial,14,1.0,1.0,0.4469995650189422,0.041838351037996525,679,0.5939253440515138,0.4852367613228325,0.383046742873738,0.3702116186623282,0.40257735818429846
2,monomial,14,1.0,3.1622776601683795,0.6833822349553288,0.04457245710445319,679,0.6887452499366079,0.8318398861448182,0.6109730751371002,0.5751907817704635,0.7101621817876542
2,monomial,14,1.0,10.0,1.4012765856669396,0.08205774921267177,679,1.447167562723281,1.6159849012469816,1.2463629860474117,1.1797907948037538,1.5170766835132707
2,monomial,14,1.0,31.622776601683793,3.2355082983308323,0.1931629361797514,679,3.8816045290562533,3.294305304431334,2.793869939007557,2.8851973379124036,3.322564381246611
2,monomial,14,1.0,100.0,7.089097597118209,0.5888100027741283,679,9.235322332140017,6.514765875524556,5.743116382461349,7.259534840793594,6.692748554671526
2,monomial,14,1.0,316.2277660168379,13.746141067067438,1.4498308371347242,679,18.71727836597002,12.230026035449516,10.442036024437723,15.1026182346228,12.238746674857131
2,monomial,14,1.0,1000.0,24.122698281439806,2.5211759216551806,679,32.52589276520732,21.955484695338253,18.395726084480184,26.941328554352207,20.79505930782107
2,monomial,14,2.0,9.999999999999999e-06,0.5203266017839849,0.1962297398956953,679,0.37912678070616723,0.35864756152996,0.2614434894677791,1.3008254383190527,0.3015897388969654
2,monomial,14,2.0,3.1622776601683795e-05,0.4087797622187194,0.10523674411788594,679,0.38083195083514726,0.3218524190106814,0.24646726001926017,0.8197668322552841,0.27498034897322443
2,monomial,14,2.0,0.0001,0.36879534836772243,0.080558237933682,679,0.3658862628283915,0.29472692711778026,0.23553889556337487,0.6793892843874351,0.26843537194163036
2,monomial,14,2.0,0.00031622776601683794,0.35583731484014464,0.06990023622972094,679,0.37791440925001557,0.2800208357808184,0.23290879951845556,0.618481520670831,0.2698610089806025
2,monomial,14,2.0,0.001,0.3502438731457302,0.05220068455402792,679,0.4300207647067859,0.282140259047196,0.24602996332036745,0.5155800353066129,0.2774483433476888
2,monomial,14,2.0,0.0031622776601683794,0.35325973463205457,0.033319534121265336,679,0.4681527695512016,0.3191883215645471,0.2834680519204052,0.3858947825284692,0.3095947475956495
2,monomial,14,2.0,0.01,0.4144099164522146,0.021171577556779158,679,0.47422357992423797,0.44542082127876464,0.3743867172569537,0.361322435918182,0.4166960278829344
2,monomial,14,2.0,0.03162277660168379,0.6290480520887066,0.04393868803876015,679,0.555245340471997,0.7724638006213504,0.5883335571849384,0.5420659747061001,0.6871315874591474
2,monomial,14,2.0,0.1,1.128651029150638,0.08238221122491071,679,1.0180130025327494,1.420158930177602,1.0035442356619078,0.9975404354710038,1.2039985419099273
2,monomial,14,2.0,0.31622776601683794,2.173577364557296,0.1496644349728542,679,2.483889790601839,2.5375121625229426,1.7725882464689178,1.9341882660153265,2.1397083571774536
2,monomial,14,2.0,1.0,4.446976975636135,0.3781034989069329,679,5.744264156302519,4.619249875305011,3.426810568325075,4.271758929269893,4.172801348978174
2,monomial,14,2.0,3.1622776601683795,8.706643822628171,0.7595975615441737,679,11.238171222938812,8.293290262368945,6.663363701711555,9.294688281409247,8.0437056447123
2,monomial,14,2.0,10.0,14.286836433505943,1.228721731932875,679,18.058323729982938,13.149211569748147,11.12614581605154,16.058245218333568,13.04225583341352
2,monomial,14,2.0,31.622776601683793,20.247100578684353,1.686137653327145,679,25.01498097672639,18.474609921036294,16.109388184997037,23.388639574359555,18.247884236302497
2,monomial,14,2.0,100.0,27.02249080940222,2.174379283639107,679,32.57088416918719,24.729800338358906,21.937428079988102,31.873302411736045,24.001039047740857
2,monomial,14,2.0,316.2277660168379,33.47524395801078,2.7181567579761152,679,40.48268903555562,31.16814809524886,27.251352112479378,39.40630558275619,29.06772496401382
2,monomial,14,2.0,1000.0,39.186229333098126,3.310626433303907,679,48.43808563672643,37.27607344137442,31.72312382515393,45.34012864483559,33.1537351174003
2,monomial,16,0.0,9.999999999999999e-06,104.4643672466347,68.41783431182115,968,372.98485609399734,15.138280657678113,16.7153000720859,87.5216833562733,29.961716053138865
2,monomial,16,0.0,3.1622776601683795e-05,48.32920614851288,32.89110218346471,968,179.27839140860868,8.65205511960092,8.752976418702232,24.932891308005843,20.029716487646745
2,monomial,16,0.0,0.0001,19.896658708848776,11.787864825262956,968,66.86605136473068,6.474554777482541,5.413748077290419,9.55253802445281,11.176401300287427
2,monomial,16,0.0,0.00031622776601683794,9.884957205618944,4.461121077700996,968,26.99704746348969,4.201628538275331,3.0953391657189497,10.398089800178727,4.732681060432024
2,monomial,16,0.0,0.001,5.8291475545686735,2.4783668335208824,968,13.384965782365459,2.4305962396762966,1.52180363466549,10.125621234647344,1.6827508814887788
2,monomial,16,0.0,0.0031622776601683794,3.4487332255212424,1.5529917954694101,968,6.02091493074787,1.3832868993242675,0.7713064776395862,8.2642879245419,0.8038698953525879
2,monomial,16,0.0,0.01,1.9739399623956593,1.0811107873331862,968,1.8561485145927776,0.8022721841510314,0.46408404413591864,6.183542636284683,0.5636524328138852
2,monomial,16,0.0,0.03162277660168379,1.2181496306126909,0.7580220458893354,968,0.5494624510825064,0.524580255191998,0.3350347189650416,4.2464886586922175,0.43518206913169094
2,monomial,16,0.0,0.1,0.7692115307075478,0.428738781334951,968,0.33296522554890023,0.4117896616652043,0.28255899851857963,2.482180435901883,0.33656333190317167
2,monomial,16,0.0,0.31622776601683794,0.4879413225953947,0.19147912898563518,968,0.29464661805623255,0.3553228396246776,0.26061685827759806,1.2511925920106604,0.277927705007805
2,monomial,16,0.0,1.0,0.3814734093133303,0.10314458041183568,968,0.2806281592618628,0.32188201479732614,0.2515895687962132,0.7912488314570756,0.26201847225417363
2,monomial,16,0.0,3.1622776601683795,0.3610460505639283,0.07150031208575494,968,0.32275103650040216,0.3129997297090542,0.2569850768446256,0.6426818176813411,0.2698125920842184
2,monomial,16,0.0,10.0,0.38277328649506603,0.048457952906547475,968,0.5100478006275753,0.3338405269649803,0.2877726447216503,0.4890985613610794,0.293106898800045
2,monomial,16,0.0,31.622776601683793,0.45126066188025094,0.07781429443362889,968,0.7601809842389171,0.4064704961112972,0.36631028921227715,0.3757082296028329,0.34763331023593025
2,monomial,16,0.0,100.0,0.6140511010537211,0.08598859792740107,968,0.9417745902358616,0.6246876574693857,0.5380579471742325,0.4735992841190268,0.492136026270099
2,monomial,16,0.0,316.2277660168379,1.0470005766439465,0.0641794114726153,968,1.2585668316519514,1.13051362527885,0.948596250953263,0.9771349404186225,0.9201912349170455
2,monomial,16,0.0,1000.0,2.0539794828120543,0.05507085541717926,968,2.127555671285329,2.2223336789494317,1.9254078383081914,1.9528950358498602,2.0417051896674567
2,monomial,16,1.0,9.999999999999999e-06,4.839821257743483,2.075409742413778,968,9.98536528400033,1.9726863829127688,1.099135854858614,9.836376892952806,1.3055418739928935
2,monomial,16,1.0,3.1622776601683795e-05,2.614572508729589,1.265305828656618,968,3.3627203251876083,1.1531567907072824,0.5985665239437306,7.260654837740441,0.6977640660688833
2,monomial,16,1.0,0.0001,1.5259340546657012,0.9285886990582796,968,0.7908409474340913,0.7043128202767932,0.4031770979297648,5.229961321646165,0.5013780860416914
2,monomial,16,1.0,0.00031622776601683794,1.0403266231626525,0.6466492071506363,968,0.3741972028183227,0.4873797275419737,0.3159000179744188,3.6245652247075313,0.39959094277101603
2,monomial,16,1.0,0.001,0.7024256557387246,0.3662368476386596,968,0.34896215860716423,0.39706924218908385,0.2758972483190506,2.165288007532234,0.32491162204609025
2,monomial,16,1.0,0.0031622776601683794,0.4766235846573962,0.1735765251120692,968,0.3344036730056365,0.3475242371143516,0.2560784499111501,1.167571292098963,0.27754027115687985
2,monomial,16,1.0,0.01,0.39148936894261144,0.10751702869691145,968,0.3196764223977315,0.31486040686127575,0.24276535279669192,0.8174678122523218,0.2626768504050361
2,monomial,16,1.0,0.03162277660168379,0.36450477385792485,0.078464932108815,968,0.35200766553091234,0.29756153399440766,0.23961152674359748,0.6691844156425126,0.26415872737819396
2,monomial,16,1.0,0.1,0.36134477265438775,0.0536612856431381,968,0.4805494359212908,0.29795650958797737,0.255450057323098,0.5023478003261095,0.2704200601134631
2,monomial,16,1.0,0.31622776601683794,0.379668255364373,0.05960724241812128,968,0.6112661264988417,0.33422476913939503,0.29348653951795456,0.3679783122654879,0.2913855294001856
2,monomial,16,1.0,1.0,0.44136045037091165,0.05415238677824713,968,0.6460864630915006,0.4586634902805464,0.36583535270281464,0.36717583858737957,0.36904110719231686
2,monomial,16,1.0,3.1622776601683795,0.6385767593214716,0.04290905127170935,968,0.7023443345333081,0.763060500768254,0.557660987157185,0.5351425006256576,0.6346754735229527
2,monomial,16,1.0,10.0,1.2750987978025565,0.0746953404620485,968,1.3114883667248174,1.472255445751039,1.1342587956563017,1.0750254805631323,1.3824659003174915
2,monomial,16,1.0,31.622776601683793,2.9508012729295787,0.16943493577061913,968,3.4789764243076475,3.027045196739644,2.5908447385929123,2.573685568701744,3.083454436305943
2,monomial,16,1.0,100.0,6.5423585919527385,0.5231295529807152,968,8.483883218664534,6.0133816293135975,5.38239448854063,6.568612103490342,6.263521519754588
2,monomial,16,1.0,316.2277660168379,12.929564316560846,1.378910866906759,968,17.73195655282776,11.426058640854857,9.845490299747723,14.081089797002488,11.563226292371391
2,monomial,16,1.0,1000.0,23.13849254951911,2.4805579712122294,968,31.55496556355225,20.926014983865024,17.5455448506358,25.649307464573873,20.01662988496861
2,monomial,16,2.0,9.999999999999999e-06,0.6288324007017112,0.2922286163396013,968,0.381573389141326,0.3823754512208351,0.2697202811166209,1.7946562919854467,0.31583659004432757
2,monomial,16,2.0,3.1622776601683795e-05,0.45475065287592936,0.14572586017189573,968,0.37737219805448335,0.3370976639935844,0.2511102485273819,1.0308834982637924,0.2772896555404047
2,monomial,16,2.0,0.0001,0.3898873123071911,0.09910795893117894,968,0.36474660956671634,0.30416125530285953,0.2381405523129864,0.777081478219565,0.26530666613382836
2,monomial,16,2.0,0.00031622776601683794,0.3688761439623299,0.08334668410659112,968,0.37121904516259596,0.2851759212467088,0.23308526017495595,0.6894718763000838,0.2654286169273052
2,monomial,16,2.0,0.001,0.3584931404799835,0.06104749874964277,968,0.4268366001287274,0.2835293383469224,0.24344886256847018,0.5669892853777605,0.27166161597803684
2,monomial,16,2.0,0.0031622776601683794,0.3551586442031117,0.03815677105560321,968,0.47953477877831485,0.3140508220383888,0.276697651774749,0.40656866814676434,0.2989413002773416
2,monomial,16,2.0,0.01,0.4034370604717726,0.02480086031412366,968,0.48802613576762355,0.4244090086030753,0.35649347674283793,0.35431903716593327,0.3939376440793928
2,monomial,16,2.0,0.03162277660168379,0.5930944258226589,0.038362922674941576,968,0.547348005547482,0.7168456692543222,0.5488001560473229,0.5073298302237058,0.6451484680404618
2,monomial,16,2.0,0.1,1.0618636237513406,0.07530826917843773,968,0.9675763086543181,1.3204095715361976,0.9409617640877471,0.934986761311067,1.1453837131673734
2,monomial,16,2.0,0.31622776601683794,2.075822325032744,0.14192504853636,968,2.381987470748171,2.4000207132572013,1.6893846208736658,1.842215574106016,2.0655032461786673
2,monomial,16,2.0,1.0,4.30246339336493,0.37021844095981304,968,5.586398273984493,4.441405999557355,3.3133455160887193,4.108080037955404,4.063087139238681
2,monomial,16,2.0,3.1622776601683795,8.514547957366844,0.7505183789670747,968,11.04165495623511,8.082599068560086,6.510773286648069,9.049122865880207,7.888589609510743
2,monomial,16,2.0,10.0,14.107459248342291,1.221731717419892,968,17.88481234664551,12.959107209764795,10.970035387506586,15.82672757583625,12.896613721958321
2,monomial,16,2.0,31.622776601683793,20.12543601766638,1.6823877433906054,968,24.908479569463147,18.348280391917605,15.994076287947129,23.22503080786455,18.15131303113946
2,monomial,16,2.0,100.0,26.951142067252665,2.172001984510698,968,32.51478243044157,24.656856505714625,21.866093947301508,31.772294655556728,23.945682797248868
2,monomial,16,2.0,316.2277660168379,33.44079367215798,2.716923305422225,968,40.455734959207845,31.131951868104245,27.2166132845366,39.3573813564347,29.042286892506503
2,monomial,16,2.0,1000.0,39.17233536052338,3.310088678234372,968,48.426598644869124,37.260819597555795,31.709324063555208,45.320763003326945,33.144171493309855
2,monomial,18,0.0,9.999999999999999e-06,243.34501065594637,124.12307865942302,1329,605.9303093685335,43.425383066699666,37.095696726885144,481.01442506423,49.25923905338348
2,monomial,18,0.0,3.1622776601683795e-05,115.15212638255616,71.84888989381687,1329,393.9097189328532,16.75880435204317,17.3268670958475,111.8437377981877,35.92150373384926
2,monomial,18,0.0,0.0001,47.36114712360009,31.106692187553005,1329,171.32902444425443,10.556338612766748,10.310353001171716,21.434361216879786,23.175658342927797
2,monomial,18,0.0,0.00031622776601683794,18.831914874341884,10.758949842162629,1329,61.68422566264475,7.293989830435765,6.262358226495897,7.012285924499511,11.906714727633505
2,monomial,18,0.0,0.001,9.738021518002668,4.493591621637116,1329,27.0594543889036,4.21481961702486,3.154355016648568,9.991596795144606,4.269881772291711
2,monomial,18,0.0,0.0031622776601683794,5.944898030743408,2.644361795015881,1329,13.601372742883076,2.260485608033931,1.3796147807834434,11.07052080309097,1.4124962189256156
2,monomial,18,0.0,0.01,3.3981415372612327,1.6985370580984729,1329,4.9239372133698405,1.2322792203374275,0.6897416898925546,9.416336515133874,0.7284130475724656
2,monomial,18,0.0,0.03162277660168379,1.8842017097541368,1.1776516795359548,1329,1.1818848797401074,0.7230092728876197,0.4281398491888475,6.566052824076619,0.5219217228774906
2,monomial,18,0.0,0.1,1.1010737779104915,0.697752651292469,1329,0.4177214221413399,0.4875629969925215,0.3187487771603777,3.8899913251554574,0.39134436810276213
2,monomial,18,0.0,0.31622776601683794,0.6376648420454301,0.3193892625748007,1329,0.3119748882815364,0.3876651142523097,0.2740679435548592,1.9130015808329044,0.3016146833055406
2,monomial,18,0.0,1.0,0.4280618627333559,0.14215468925344402,1329,0.28075657759206674,0.33902826309032397,0.2605398589671705,0.9939413791620302,0.2660432348551878
2,monomial,18,0.0,3.1622776601683795,0.38549867193547943,0.09822957731371304,1329,0.29112982884166927,0.32327044340639144,0.26793769293693254,0.7763504933340705,0.2688049011583333
2,monomial,18,0.0,10.0,0.40361890733288686,0.06575337598289137,1329,0.43598056521029627,0.34648607682649357,0.29753970393302176,0.6456014288020666,0.2924867618925563
2,monomial,18,0.0,31.622776601683793,0.46972712374064074,0.0689685067321899,1329,0.7323693310367385,0.4183665013959438,0.37403373135089385,0.47388750816729946,0.3499785467523279
2,monomial,18,0.0,100.0,0.6247373576443783,0.09440922412018032,1329,0.9902647586496982,0.6157151153860142,0.5440678831088408,0.48999156333038363,0.4836474677469547
2,monomial,18,0.0,316.2277660168379,1.0477702584396433,0.08270952477294308,1329,1.3294517644932635,1.1021957552226676,0.9280126352044489,1.0311523511858656,0.8480387860919707
2,monomial,18,0.0,1000.0,1.9865757125795356,0.07029274949322586,1329,2.1256181614527514,2.1291500512812878,1.8028368161494022,2.0391531330093597,1.8361204010048773
2,monomial,18,1.0,9.999999999999999e-06,7.527845628542709,3.2927781592033707,1329,18.634384898885497,3.0102065088386945,1.8800209814856992,11.570773703550717,2.5438420499529353
2,monomial,18,1.0,3.1622776601683795e-05,4.128051861205935,1.8640295911317812,1329,7.204274119458572,1.6592128801234078,0.8577433434717863,9.914473169064964,1.0045557939109473
2,monomial,18,1.0,0.0001,2.2547128613531773,1.3355827023703917,1329,1.6691946416559311,0.967700283013162,0.507461202212834,7.53390439807351,0.5953037818104482
2,monomial,18,1.0,0.00031622776601683794,1.3972959692053024,0.9344371684091354,1329,0.43998983507031564,0.6006142770212237,0.3656312565849823,5.131922568320993,0.4483219090289974
2,monomial,18,1.0,0.001,0.9082841285702224,0.54603708611407,1329,0.3619878885055186,0.4382057744155725,0.29624688397410137,3.090566178921575,0.35441391703434577
2,monomial,18,1.0,0.0031622776601683794,0.5687504749701475,0.2540602151114054,1329,0.33894962997222433,0.3682099609174753,0.2643643840582005,1.582389615972296,0.2898387839305412
2,monomial,18,1.0,0.01,0.4255308913741268,0.13737315917682166,1329,0.3163801270329492,0.3280359336120834,0.24844931710585674,0.9716736231673483,0.2631154559523964
2,monomial,18,1.0,0.03162277660168379,0.3854768548384671,0.0999665062061446,1329,0.3335102133860162,0.30759589164879975,0.24430334150078462,0.7802593627029514,0.26171546495378356
2,monomial,18,1.0,0.1,0.377334647529563,0.06539231986780193,1329,0.45857813253490853,0.30631760470746333,0.25848919532296466,0.5957415314773931,0.2675467736050855
2,monomial,18,1.0,0.31622776601683794,0.39262192483452296,0.06319879043725947,1329,0.6273176769629214,0.33716455048612304,0.29507354475779773,0.418379521652822,0.2851743303129503
2,monomial,18,1.0,1.0,0.4467327836560818,0.06395083906342824,1329,0.6932723257210134,0.44884029698296846,0.3613151076657203,0.37908080147993684,0.35115538643077027
2,monomial,18,1.0,3.1622776601683795,0.6213178796158155,0.04690908390381019,1329,0.7346460563830414,0.7309139520154389,0.5303527567213916,0.5223731133663317,0.5883035195928742
2,monomial,18,1.0,10.0,1.2023040654483637,0.06979120977304648,1329,1.2403312713738959,1.393314713914112,1.0628019081934998,1.0233424193254876,1.291730014434823
2,monomial,18,1.0,31.622776601683793,2.763766973144287,0.15448340641724068,1329,3.206450574417281,2.864886104181802,2.453433627879661,2.375418725890356,2.918645833352335
2,monomial,18,1.0,100.0,6.151449828240783,0.4735015743287531,1329,7.931038554710834,5.6707932330898085,5.130876859869806,6.066107614953707,5.958432878579755
2,monomial,18,1.0,316.2277660168379,12.29933907852011,1.3205552141596126,1329,16.954962339143204,10.807134146569483,9.398463967316104,13.291961834877194,11.044173104694561
2,monomial,18,1.0,1000.0,22.31571623499809,2.4497741852287302,1329,30.74968148974882,20.059821060173114,16.839288403248965,24.569662422547328,19.360127799272224
2,monomial,18,2.0,9.999999999999999e-06,0.7430704875535686,0.38999732552708694,1329,0.3963550577482747,0.40516772278210145,0.2813062556563259,2.3004481340786134,0.33207526750252764
2,monomial,18,2.0,3.1622776601683795e-05,0.5056422253272579,0.1896857556519396,1329,0.3811213597911725,0.349876036282903,0.25565306295843,1.259019082729508,0.28254158487427583
2,monomial,18,2.0,0.0001,0.41202214152694455,0.11808178177053669,1329,0.3667167209259009,0.3120721556213482,0.24053447758018912,0.8763777103874979,0.2644096431197864
2,monomial,18,2.0,0.00031622776601683794,0.38302062209701554,0.0966655012250279,1329,0.3692831611210498,0.2900678515581145,0.23394453111425229,0.7590202483296278,0.2627873183620336
2,monomial,18,2.0,0.001,0.368039041937014,0.07001208038260981,1329,0.425303158167999,0.2863166894452149,0.24264399683254903,0.6177858556272174,0.26814550961208944
2,monomial,18,2.0,0.0031622776601683794,0.3591960335848733,0.04205279114778759,1329,0.48895020886906215,0.3133670713224003,0.27342274190200355,0.4274756213772144,0.29276452445368617
2,monomial,18,2.0,0.01,0.3989769968355055,0.028366605098158065,1329,0.5015040832980536,0.4146699209009884,0.34649226917187803,0.3516179091829224,0.3806008016236853
2,monomial,18,2.0,0.03162277660168379,0.571711847586473,0.03564087671244684,1329,0.5467328502424114,0.6846970260285492,0.5237397121817109,0.4849372303473107,0.6184524191323828
2,monomial,18,2.0,0.1,1.0177977208029614,0.07110261863756032,1329,0.9367524760746238,1.2557466790729932,0.8983763012422135,0.8919125761351658,1.1062005714898102
2,monomial,18,2.0,0.31622776601683794,2.008936433647151,0.13730558338707868,1329,2.314989851897562,2.30472402226667,1.6308638299725815,1.7788946478713048,2.015209816227637
2,monomial,18,2.0,1.0,4.200453507774158,0.36575745477561467,1329,5.479259190141606,4.311722139647346,3.2313113684779657,3.992919882849108,3.9870549577547676
2,monomial,18,2.0,3.1622776601683795,8.373682717170556,0.7453367817019717,1329,10.903194206699252,7.923420762963279,6.397050209000575,8.868740820715507,7.7760075864741705
2,monomial,18,2.0,10.0,13.97213397500305,1.2176690235023095,1329,17.75929197559703,12.812918813369842,10.850363963607212,15.650939816481102,12.787155305960072
2,monomial,18,2.0,31.622776601683793,20.032451491273374,1.6802128300374128,1329,24.830757619002,18.250858055203587,15.904252453188615,23.09864860455495,18.077740724417723
2,monomial,18,2.0,100.0,26.8964497626426,2.170473503577705,1329,32.473884547657704,24.600844818386445,21.810312110627674,31.69379071123426,23.903416625306907
2,monomial,18,2.0,316.2277660168379,33.414434655649764,2.7160983036219664,1329,40.436125394724044,31.104258085405444,27.189493478545167,39.31933327518236,29.022963044391776
2,monomial,18,2.0,1000.0,39.16177301848291,3.3097306864903757,1329,48.41828791112689,37.249213830143404,31.69860998345489,45.305761864535576,33.13699150315381
2,monomial,20,0.0,9.999999999999999e-06,527.4894801325096,340.59073062015307,1770,548.6992183422586,105.07162676701844,58.69277286495336,1840.8226011527586,84.16118153555912
2,monomial,20,0.0,3.1622776601683795e-05,221.49815970692035,112.26814979427262,1770,527.2305899412621,32.15184077661078,27.55200672971879,462.9299896747111,57.62637141229884
2,monomial,20,0.0,0.0001,99.56687211923739,55.96470680566531,1770,311.2928150148269,16.135680820023445,16.025011484540336,115.08288286142538,39.29797041537083
2,monomial,20,0.0,0.00031622776601683794,36.52333729660042,21.415402205644448,1770,121.73137004781356,11.364109957235664,10.51006603940742,16.10745361973485,22.903686818810606
2,monomial,20,0.0,0.001,14.930977082300313,7.877429826801156,1770,46.326359989053195,6.842348383367359,5.8078387368716955,6.083763400725593,9.594574901483728
2,monomial,20,0.0,0.0031622776601683794,8.480778747580946,3.878412789513943,1770,22.787735396214877,3.535439769736206,2.483702525068744,10.676093378300378,2.920922668584524
2,monomial,20,0.0,0.01,5.153194613255736,2.385602452753261,1770,9.835063190312708,1.7914299664605504,1.0501182456745488,12.017016844384386,1.0723448194464893
2,monomial,20,0.0,0.03162277660168379,2.8014181392335424,1.6646991860975584,1770,2.510089695530925,0.9934199508783014,0.5625338330554512,9.309192637207364,0.6318545794956698
2,monomial,20,0.0,0.1,1.534291086490606,1.0242370217472954,1770,0.5965451379124608,0.615090553054578,0.3770481622724674,5.627410961142907,0.45536061807061745
2,monomial,20,0.0,0.31622776601683794,0.8393138011012871,0.48658166878332254,1770,0.34538256546907015,0.4343995470407723,0.2968674021777644,2.7835613021761803,0.3363581886426482
2,monomial,20,0.0,1.0,0.4947344022869634,0.1955266524915741,1770,0.2942125134890103,0.3572372988071501,0.2693390225693871,1.2744265282453202,0.2784566483239493
2,monomial,20,0.0,3.1622776601683795,0.4117071065893117,0.12051138057515852,1770,0.284017302078451,0.33130892948080104,0.2784633046703878,0.8919563473355113,0.2727896493814073
2,monomial,20,0.0,10.0,0.42971931273627134,0.09498441651185274,1770,0.3817803947731623,0.35501137995206256,0.3121963715034755,0.8046659029054322,0.29494251454722437
2,monomial,20,0.0,31.622776601683793,0.49450106270228744,0.06518178582140374,1770,0.6828143359339781,0.4343937764624849,0.3866040001115737,0.6148274937430662,0.3538657072603348
2,monomial,20,0.0,100.0,0.6382924427742139,0.09559942987170014,1770,1.010389927633464,0.6191609364720837,0.5545107244303523,0.522581623029746,0.4848190023054243
2,monomial,20,0.0,316.2277660168379,1.0544358032881418,0.09719935843512331,1770,1.3851482022979296,1.0844164507637042,0.9226541094439302,1.0724908001333238,0.807469453801821
2,monomial,20,0.0,1000.0,1.9771764485027084,0.11015986976975578,1770,2.165998888240542,2.077916488715575,1.7313310038125933,2.2156118958834052,1.695023965861425
2,monomial,20,1.0,9.999999999999999e-06,10.112360539241577,4.635123965221431,1770,27.91101384204333,4.304009569923891,3.0404542012169418,10.573035333725823,4.733289749297905
2,monomial,20,1.0,3.1622776601683795e-05,5.62970750089813,2.423627144238882,1770,11.752660263993176,2.24590585346474,1.2214053213170537,11.34857140548559,1.5799946602300925
2,monomial,20,1.0,0.0001,3.1072670104604634,1.7433299721507973,1770,3.0591556815174483,1.2560125228413368,0.6314410973973026,9.858505316941695,0.7312204336045346
2,monomial,20,1.0,0.00031622776601683794,1.8253507855678852,1.264956866644742,1770,0.5704970121972968,0.7493267231349705,0.4262199591875403,6.8806358515361,0.5000743817835186
2,monomial,20,1.0,0.001,1.1419067573281738,0.7456593220079718,1770,0.37958327207650355,0.49511979556524943,0.3262640438724985,4.122524445042538,0.38604223008407923
2,monomial,20,1.0,0.0031622776601683794,0.6798458517816157,0.34901955846268273,1770,0.35341474996739286,0.389789807107405,0.27556432867376845,2.073738925123112,0.30672144803640045
2,monomial,20,1.0,0.01,0.46484852624980155,0.17042394682591475,1770,0.32005760453337995,0.33960673621737025,0.2536368770519101,1.1435506582297523,0.2673907552165947
2,monomial,20,1.0,0.03162277660168379,0.4079301337853988,0.1213174629762752,1770,0.32385064426634463,0.3159782592235688,0.24915607873335147,0.8896396152871183,0.2610260714166108
2,monomial,20,1.0,0.1,0.3958844084036302,0.08158104523020306,1770,0.43922595284642246,0.3144154099422275,0.26330659803444895,0.6962331244978132,0.2662409566972388
2,monomial,20,1.0,0.31622776601683794,0.40786441917429983,0.06659342196145426,1770,0.6348602986235762,0.3431347092570481,0.299119583641769,0.4803985317107,0.2818089726384056
2,monomial,20,1.0,1.0,0.4567127922701416,0.07147411168367339,1770,0.7334341172268384,0.44665321416369075,0.36250565823255065,0.4000642381885548,0.3409067335390731
2,monomial,20,1.0,3.1622776601683795,0.6178740654647575,0.05293323393036842,1770,0.7729465127055442,0.7160176136146873,0.5169701764087159,0.5247203439992181,0.5587156805956223
2,monomial,20,1.0,10.0,1.1611243910313118,0.06623956010881786,1770,1.205969976218794,1.3501612343009932,1.0161107886035141,1.004820069562626,1.2285598864706309
2,monomial,20,1.0,31.622776601683793,2.637516774750052,0.1441779348320394,1770,3.014762937992882,2.767099324666177,2.3566684298561587,2.2486372317486176,2.8004159494864242
2,monomial,20,1.0,100.0,5.8653657991972565,0.434895482195013,1770,7.513395683749026,5.43705582153561,4.951298382755159,5.690193334239846,5.734885773706642
2,monomial,20,1.0,316.2277660168379,11.806435453681445,1.2713984346712233,1770,16.332645197512356,10.327376396712474,9.059602846741399,12.672323757455988,10.640229069985015
2,monomial,20,1.0,1000.0,21.623227220848054,2.425891859636657,1770,30.07464916492669,19.32597669617907,16.2497373693326,23.66352507762047,18.802247796181426
2,monomial,20,2.0,9.999999999999999e-06,0.8563035919147909,0.4838249102032668,1770,0.4177108466917369,0.4292633400088296,0.29667448461892276,2.7892077961030903,0.34866149215137476
2,monomial,20,2.0,3.1622776601683795e-05,0.5586684866794094,0.23429099542330845,1770,0.3908670277312383,0.36096382148434836,0.2608775549415098,1.4911248105365453,0.289509218703405
2,monomial,20,2.0,0.0001,0.43443226676337465,0.13695111662582748,1770,0.3708471347963008,0.3185347889886649,0.2426740381730466,0.9749863235890256,0.26511904826983546
2,monomial,20,2.0,0.00031622776601683794,0.397108198669691,0.10933928068195456,1770,0.37004370641448414,0.29423585283715337,0.23490540353669825,0.8249614696600981,0.2613945609000211
2,monomial,20,2.0,0.001,0.3777258370554458,0.0786497706814574,1770,0.42511471574764714,0.2892933547636953,0.24259355345877864,0.6656512310128331,0.26597633029427475
2,monomial,20,2.0,0.0031622776601683794,0.3638142531851165,0.04533987686260912,1770,0.496738486757479,0.3144753215792909,0.27180220391109,0.44711360659769356,0.28894164708002923
2,monomial,20,2.0,0.01,0.3975254856092101,0.03139498956663668,1770,0.5136051412199022,0.41039654146826143,0.3405568761200992,0.35065732787438425,0.3724115413634034
2,monomial,20,2.0,0.03162277660168379,0.5584766407284775,0.03456923747544985,1770,0.5492901549859659,0.6655683091432409,0.5071103770179404,0.46953299266533566,0.6008813698299048
2,monomial,20,2.0,0.1,0.9875637220107036,0.06863091578884384,1770,0.9171774011646529,1.212485513694867,0.8682880954740024,0.8608198637476763,1.0790477359723198
2,monomial,20,2.0,0.31622776601683794,1.9615373448452111,0.13453943231962026,1770,2.2692122642604984,2.2367514892989866,1.5883077039996674,1.7335581428836015,1.9798571237833023
2,monomial,20,2.0,1.0,4.126074223415056,0.36330073473227276,1770,5.404151680887453,4.214474039793965,3.1700764220433073,3.9091411682689854,3.932527806081569
2,monomial,20,2.0,3.1622776601683795,8.267217187882208,0.7425185592924015,1770,10.802692678369649,7.799836547791143,6.3096332443035505,8.73222818825401,7.691695280692689
2,monomial,20,2.0,10.0,13.867128385749282,1.2154303412573573,1770,17.665849825027628,12.697532969822436,10.755992832428914,15.51380901204831,12.702457289419124
2,monomial,20,2.0,31.622776601683793,19.959418903926107,1.6790286827975578,1770,24.772409836633884,18.173750908932362,15.832400309419015,22.998474105993395,18.02005935865188
2,monomial,20,2.0,100.0,26.853351078055802,2.169493975416166,1770,32.44318935903705,24.556661187140755,21.765525110948207,31.63119233729109,23.8701873958619
2,monomial,20,2.0,316.2277660168379,33.39368663222211,2.71553974004882,1770,40.42141911471852,31.082471764939992,27.16774510990208,39.28896545541044,29.00783171613952
2,monomial,20,2.0,1000.0,39.15350194222371,3.309488648834277,1770,48.41208030864773,37.24012376713017,31.690055676030852,45.29382517746377,33.13142478184604
2,legendre,6,0.0,9.999999999999999e-06,0.6096780531376271,0.03783084497501342,83,0.5828221563994711,0.704796736997191,0.5917156668856376,0.49161138231686097,0.6774443230889753
2,legendre,6,0.0,3.1622776601683795e-05,0.6096779959183791,0.037830857143750764,83,0.5828219356266316,0.7047967484179047,0.591715638030772,0.4916113558487104,0.6774443016678767
2,legendre,6,0.0,0.0001,0.609677814976681,0.03783089562486261,83,0.5828212374851729,0.7047967845345435,0.5917155467846581,0.4916112721499838,0.6774442339290466
2,legendre,6,0.0,0.00031622776601683794,0.609677242803286,0.037831017314679624,83,0.5828190298035834,0.7047968987570682,0.5917152582489539,0.4916110074804834,0.6774440197263406
2,legendre,6,0.0,0.001,0.6096754335770881,0.03783140215023396,83,0.5828120488569013,0.7047972600772712,0.5917143459173043,0.4916101706132009,0.6774433424207625
2,legendre,6,0.0,0.0031622776601683794,0.6096697137509188,0.03783261929266838,83,0.5827899767199015,0.7047984038406406,0.5917114618549796,0.49160752511808986,0.6774412012209825
2,legendre,6,0.0,0.01,0.609651640564245,0.03783647008791752,83,0.5827202140352831,0.7048020324215295,0.591702351484382,0.49159916844284834,0.677434436437182
2,legendre,6,0.0,0.03162277660168379,0.60959463297444,0.03784866581673483,83,0.5824999602702792,0.704813623770609,0.591673640271738,0.4915728334271424,0.6774131071324313
2,legendre,6,0.0,0.1,0.6094158052651636,0.03788741389971191,83,0.5818070026251906,0.7048514444207219,0.5915838291486507,0.49149046475193997,0.6773462853793151
2,legendre,6,0.0,0.31622776601683794,0.6088646903064585,0.03801168172724124,83,0.5796509414430833,0.7049826335367102,0.5913095948672245,0.49123905515013516,0.6771412265351393
2,legendre,6,0.0,1.0,0.6072635084668218,0.0384195336333351,83,0.5731794155850749,0.7055113285958068,0.5905387626499101,0.4905335179621814,0.6765545175411358
2,legendre,6,0.0,3.1622776601683795,0.6035472284231196,0.03979197740392015,83,0.5559967222949924,0.7082596461128298,0.5890235234612935,0.4891627128424788,0.6752935374040032
2,legendre,6,0.0,10.0,0.6033771110966335,0.04375316184500039,83,0.5294987541791483,0.7260291939362351,0.5922960494721463,0.49246536745869457,0.6765961904369431
2,legendre,6,0.0,31.622776601683793,0.6785377251835893,0.04765586895028703,83,0.620916498046335,0.8380804613087676,0.6573639826706266,0.5577302725435433,0.7185974113486744
2,legendre,6,0.0,100.0,1.1858676241491106,0.09645593485344121,83,1.4773993312022147,1.3551642512262037,1.0652460832997215,1.0145443918716248,1.0169840631457894
2,legendre,6,0.0,316.2277660168379,3.117388106312563,0.41713619799559243,83,4.68706946300698,3.040652830454111,2.5388133369903754,3.0190046788746545,2.301400222236695
2,legendre,6,0.0,1000.0,8.735236252881858,1.2656341266128572,83,13.416810636237852,7.8770470234890215,6.614738003016422,9.194621290156594,6.5729643115094065
2,legendre,6,1.0,9.999999999999999e-06,0.6096776727137676,0.03783099779957713,83,0.5828204700329854,0.7047972440381167,0.5917155880600394,0.4916110361238875,0.677444025313809
2,legendre,6,1.0,3.1622776601683795e-05,0.6096767929518828,0.0378313404218348,83,0.5828166029697152,0.704798351839343,0.591715388780921,0.4916102611296654,0.6774433600397692
2,legendre,6,1.0,0.0001,0.6096740112563028,0.03783242392811105,83,0.5828043751648845,0.7048018551706595,0.5917147587730802,0.49160781073701065,0.6774412564358797
2,legendre,6,1.0,0.00031622776601683794,0.6096652183198744,0.037835850671049526,83,0.5827657166792772,0.7048129352393223,0.5917127681938787,0.4916000654572903,0.6774346060296035
2,legendre,6,1.0,0.001,0.6096374481741245,0.03784669092375023,83,0.5826435600611041,0.7048479891106126,0.5917064902306922,0.49157560814075296,0.6774135933274604
2,legendre,6,1.0,0.0031622776601683794,0.609549986461473,0.0378810098222437,83,0.5822581882152281,0.7049589951921833,0.5916868054435868,0.4914986209645747,0.6773473224917916
2,legendre,6,1.0,0.01,0.6092769473812741,0.03798991357338179,83,0.5810487114717913,0.7053115819803697,0.591626231214103,0.49125868892909946,0.6771395233110074
2,legendre,6,1.0,0.03162277660168379,0.6084485123276674,0.038337702614738865,83,0.5773146178566166,0.7064419396204359,0.5914512915985695,0.49053475828076154,0.6764999542819536
2,legendre,6,1.0,0.1,0.6061664935328948,0.039460981969314,83,0.5663775199319734,0.7101651366385119,0.5910601364845673,0.48858061752171694,0.6746490570877043
2,legendre,6,1.0,0.31622776601683794,0.6019862410050437,0.04301126834166877,83,0.5395309999228124,0.723279753641179,0.591324957961587,0.485397917901794,0.6703975755978462
2,legendre,6,1.0,1.0,0.6114115941987661,0.05162219083897573,83,0.5104902892479074,0.774705385336474,0.6042167208957776,0.49758767588360764,0.6700578996300639
2,legendre,6,1.0,3.1622776601683795,0.7556693037775442,0.05930401517598644,83,0.6806886908926805,0.9841319261009186,0.7141027348353268,0.6521103774100028,0.747312789648792
2,legendre,6,1.0,10.0,1.5256882897378503,0.11794295745111673,83,1.8458293411408966,1.7355127991964014,1.2795388306453963,1.5079351031561423,1.259625374550415
2,legendre,6,1.0,31.622776601683793,4.189580380943829,0.47124840280431585,83,5.777386059157138,3.9859040189492974,3.26420151223385,4.637456282515517,3.282954031863344
2,legendre,6,1.0,100.0,10.490733444181933,1.1954914528690292,83,14.390496893066011,9.369028890944255,8.024838026457282,12.065006724577227,8.604296685864899
2,legendre,6,1.0,316.2277660168379,20.66313207834546,2.133178855184573,83,27.297337611506435,18.77161017313335,15.943539730195965,23.90302334031682,17.400149536574713
2,legendre,6,1.0,1000.0,32.23015411707374,3.0335947627159174,83,41.40010543627457,30.277504450800535,25.441894356138175,37.014662412708525,27.016603929446898
2,legendre,6,2.0,9.999999999999999e-06,0.6096691535407153,0.03783606458577106,83,0.5827784568547267,0.7048173867808359,0.5917142212733495,0.4915998654687258,0.6774358373259384
2,legendre,6,2.0,3.1622776601683795e-05,0.6096498844459862,0.0378473662643699,83,0.5826838133327381,0.7048620677365544,0.5917110836852967,0.4915749705105325,0.67741748696481
2,legendre,6,2.0,0.0001,0.609589233589661,0.037883134473730595,83,0.5823851336755795,0.7050035318136522,0.5917013153445041,0.49149655252093905,0.67735963459363
2,legendre,6,2.0,0.00031622776601683794,0.6094002618737975,0.037996529180069565,83,0.5814466966476968,0.7054525782446693,0.5916719562494227,0.49125162804692,0.6771784501802787
2,legendre,6,2.0,0.001,0.6088305816945331,0.03835778926735824,83,0.5785390775230584,0.7068893416231586,0.5915942776555181,0.49050725928780603,0.6766229523831242
2,legendre,6,2.0,0.0031622776601683794,0.6072980540862011,0.03952167520783194,83,0.5699219879962268,0.7115935050459437,0.5914957194152288,0.4884428124694399,0.6750362455041661
2,legendre,6,2.0,0.01,0.6048589079613788,0.04329170523986184,83,0.547827595647223,0.7278832311565251,0.5925235132868604,0.4844775789959382,0.6715826207203468
2,legendre,6,2.0,0.03162277660168379,0.6147756591609964,0.054389348585511206,83,0.515537502797265,0.789071335168001,0.6059716447103128,0.4903675933283284,0.6729302198010749
2,legendre,6,2.0,0.1,0.7286325631732987,0.07748380833099582,83,0.591364054377675,1.0156055360856562,0.6986910596297846,0.5952303260105469,0.742271839762831
2,legendre,6,2.0,0.31622776601683794,1.255097031406439,0.11233628568055852,83,1.245654942791274,1.6918259812399739,1.0912599833283259,1.1266896996428868,1.120054550029735
2,legendre,6,2.0,1.0,2.848334310083483,0.23742461817749055,83,3.45605719668213,3.2611005025706254,2.258142067394504,2.904111511513067,2.3622602722570876
2,legendre,6,2.0,3.1622776601683795,6.558585365464793,0.6000649887163066,83,8.389069774736223,6.419175026029033,5.071561818557194,7.350817913953625,5.562302294047894
2,legendre,6,2.0,10.0,12.644471559898744,1.143154856695005,83,15.974070938172838,11.594216131880277,9.908634014760121,14.655664201911426,11.089772512769049
2,legendre,6,2.0,31.622776601683793,19.92399761552621,1.6901241959878757,83,24.46520249135323,18.082572101337973,15.963734563472892,23.438586293239545,17.669892628227416
2,legendre,6,2.0,100.0,27.554593591293376,2.2124540103712174,83,32.98489543046903,25.19841053255451,22.50831129776876,32.7507584136564,24.330592282018188
2,legendre,6,2.0,316.2277660168379,33.979743013241176,2.749981920888853,83,40.98206217578296,31.669994690243602,27.736793184171063,40.079608097218596,29.430256918789674
2,legendre,6,2.0,1000.0,39.48507422508086,3.331988699246372,83,48.77617434354082,37.59265879650384,31.993013708341152,45.69625181582791,33.367272461190566
2,legendre,7,0.0,9.999999999999999e-06,0.3779275612336165,0.04918075013007208,119,0.3366649713372635,0.33430075054749636,0.275226559532691,0.562899646690194,0.38054587806043794
2,legendre,7,0.0,3.1622776601683795e-05,0.37792744956266644,0.04918069186412925,119,0.3366647945237704,0.33430080764185066,0.2752265508453504,0.5628993073351827,0.3805457874671777
2,legendre,7,0.0,0.0001,0.37792709643160965,0.04918050761173063,119,0.33666423539763785,0.3343009881914665,0.2752265233750984,0.5628982342058682,0.38054550098797757
2,legendre,7,0.0,0.00031622776601683794,0.37792597976809345,0.04917992496140166,119,0.336662467357858,0.3343015591536237,0.2752264365217733,0.5628948407275846,0.3805445950796277
2,legendre,7,0.0,0.001,0.3779224489173575,0.04917808252840784,119,0.33665687704812497,0.33430336483590933,0.2752261620199302,0.5628841101526872,0.3805417305301357
2,legendre,7,0.0,0.0031622776601683794,0.3779112868801445,0.04917225693485596,119,0.33663920616537035,0.33430907631863543,0.27522529549354885,0.5628501825515685,0.38053267387159934
2,legendre,7,0.0,0.01,0.3778760243400418,0.04915384169793216,119,0.3365833981907208,0.3343271517487216,0.2752225705396426,0.5627429485997006,0.3805040526214233
2,legendre,7,0.0,0.03162277660168379,0.3777648632545967,0.049095676552927056,119,0.33640763971552834,0.3343844525136984,0.2752141057962923,0.5624043899205844,0.38041372832688
2,legendre,7,0.0,0.1,0.377416818550129,0.04891242769618247,119,0.33585903592070565,0.3345670619449043,0.27518885751814787,0.5613392035754855,0.3801299337914015
2,legendre,7,0.0,0.31622776601683794,0.3763506331650768,0.04833967467276048,119,0.3341953468716087,0.3351584875231623,0.2751240987667694,0.5580245173128001,0.37925071535104354
2,legendre,7,0.0,1.0,0.37331270370275826,0.04659206255996863,119,0.32962173481812734,0.33716463372410155,0.2750666605937509,0.5480622716746335,0.3766482177031783
2,legendre,7,0.0,3.1622776601683795,0.36673486015908086,0.04160314219348337,119,0.32134185459621556,0.3447573431262439,0.27625522591724694,0.5212509181293521,0.37006895902634585
2,legendre,7,0.0,10.0,0.36874459216679983,0.029572974783962612,119,0.34043966702728784,0.37843886579495617,0.29102766380639944,0.4712988534527979,0.3625179107525579
2,legendre,7,0.0,31.622776601683793,0.4832348772509151,0.03732903446902472,119,0.5981705320590377,0.5317456941880079,0.3976884825839752,0.4755357229936994,0.41303395442985513
2,legendre,7,0.0,100.0,1.0417470068457142,0.16237162663399315,119,1.6605971290861852,1.0713926492290728,0.8612165602067888,0.8337408105070134,0.7817878851995105
2,legendre,7,0.0,316.2277660168379,2.7713300991883516,0.44996096058859447,119,4.548215308035428,2.54000304320095,2.1968982518457603,2.421687825896225,2.1498460669633963
2,legendre,7,0.0,1000.0,7.579586843048476,1.086920787213758,119,11.723170358911798,6.497179774025241,5.645471500374109,7.6910048121551124,6.341107769776116
2,legendre,7,1.0,9.999999999999999e-06,0.3779265255059886,0.04918008806255671,119,0.33666428007372645,0.33430084064856064,0.2752265058082879,0.5628959753360696,0.38054502566329856
2,legendre,7,1.0,3.1622776601683795e-05,0.37792417443098414,0.04917859829889272,119,0.33666260861501857,0.3343010926067652,0.27522638098296104,0.5628876979240951,0.3805430920260807
2,legendre,7,1.0,0.0001,0.3779167408223622,0.04917388793788154,119,0.3366573235321607,0.33430188973290137,0.27522598651390406,0.5628615263247225,0.38053697800812236
2,legendre,7,1.0,0.00031622776601683794,0.3778932451174003,0.04915899931883897,119,0.33664061596901834,0.3343044141097012,0.27522474172562705,0.562778803200147,0.3805176505825082
2,legendre,7,1.0,0.001,0.3778190593455276,0.0491119857777496,119,0.33658783536458203,0.33431243329267346,0.2752208316682849,0.5625175965810357,0.3804565998210621
2,legendre,7,1.0,0.0031622776601683794,0.3775856011378627,0.04896399690926369,119,0.3364214614920191,0.33433815545632545,0.27520872958904596,0.561695440902318,0.3802642182496051
2,legendre,7,1.0,0.01,0.37685859742254363,0.048502729634337376,119,0.3359006577732802,0.3344231054675912,0.27517307043905237,0.5591335629746095,0.3796625904581846
2,legendre,7,1.0,0.03162277660168379,0.3746684590682528,0.047108336190342194,119,0.33430645951009713,0.3347271102310544,0.27508594879412496,0.5513966607424108,0.3778261160635768
2,legendre,7,1.0,0.1,0.3687269657498251,0.04326186039559165,119,0.3297785975942366,0.33602071669183753,0.275053018060658,0.5301425070046398,0.37263998939775334
2,legendre,7,1.0,0.31622776601683794,0.3574144231944253,0.0350026016462419,119,0.32017140264847704,0.34287718708130377,0.2770124827488215,0.48557294469869217,0.361438098794832
2,legendre,7,1.0,1.0,0.3617696231653626,0.02541955744293138,119,0.32592890394034285,0.3817030767788672,0.29688614872965047,0.445568571329622,0.3587614150483304
2,legendre,7,1.0,3.1622776601683795,0.510291808853664,0.028073705994834223,119,0.5268132948416918,0.5668903887340278,0.4199344971640526,0.563482258765403,0.474338604763145
2,legendre,7,1.0,10.0,1.261519496529638,0.11049415651086278,119,1.6203545549003988,1.2681208660299625,0.9772008945980941,1.3459523373255196,1.0959688297942145
2,legendre,7,1.0,31.622776601683793,3.8265244873175996,0.42060055590369594,119,5.241615090833085,3.4387419866249496,2.8867774475213515,4.281884166488493,3.2836037451201188
2,legendre,7,1.0,100.0,9.982499433566053,1.0944147099430002,119,13.481535290758842,8.665521379345948,7.510358296488429,11.510225455339443,8.744856745897607
2,legendre,7,1.0,316.2277660168379,20.18235323844464,2.02718925524925,119,26.405046055556603,18.05076147995936,15.457170823211351,23.362605205698962,17.636182627796938
2,legendre,7,1.0,1000.0,31.88577621044063,2.9553808923949894,119,40.792037852419895,29.752154017100047,25.10335676490601,36.62408056451105,27.15725185326612
2,legendre,7,2.0,9.999999999999999e-06,0.37788365464525275,0.04914690082772662,119,0.3366559943149443,0.334300039633071,0.27522710940693446,0.5627181894907075,0.3805169403806069
2,legendre,7,2.0,3.1622776601683795e-05,0.37778884085197206,0.04907381829620105,119,0.33663641240935643,0.3342986696485767,0.27522833159622706,0.562326404219304,0.3804543863863961
2,legendre,7,2.0,0.0001,0.3774911259727812,0.04884420648760803,119,0.3365745410193412,0.33429532477380075,0.27523257257300054,0.5610956498370744,0.380257541660689
2,legendre,7,2.0,0.00031622776601683794,0.37657042449795847,0.04813275083463167,119,0.33637942269619414,0.3342945109467433,0.27524971441767637,0.5572838089411645,0.379644665488014
2,legendre,7,2.0,0.001,0.37385542895358104,0.04602005452727026,119,0.3357682597069452,0.33438620145932146,0.27534030174266977,0.545982316890864,0.377800064968105
2,legendre,7,2.0,0.0031622776601683794,0.36694348787927583,0.04046974605749642,119,0.3339087947794256,0.335522814363982,0.27596341382916856,0.5164943317178633,0.3728280847059398
2,legendre,7,2.0,0.01,0.35609755723007386,0.029764713975042,119,0.32911821320475065,0.34533708843618127,0.28061443215177495,0.4615335705339083,0.36388448182375416
2,legendre,7,2.0,0.03162277660168379,0.3674199710669272,0.021331171426900247,119,0.32883239991416774,0.4049074240472687,0.3100460464418055,0.42119974743554633,0.372114237495848
2,legendre,7,2.0,0.1,0.5076916846202766,0.03745833250677591,119,0.437436761641934,0.6433544677377967,0.4416688973154702,0.5214748865256158,0.494523409880566
2,legendre,7,2.0,0.31622776601683794,1.05676696765626,0.07677359364589235,119,1.081702368237998,1.3258625688643444,0.8700045071397138,1.0490456048056538,0.957219789233591
2,legendre,7,2.0,1.0,2.6566803136041566,0.20943018024061716,119,3.2078577801061967,2.9249881182226116,2.0613407845717027,2.791472302996855,2.2977425821234165
2,legendre,7,2.0,3.1622776601683795,6.387793012211265,0.5647351518939806,119,8.069848277651953,6.159842491502657,4.9037109793668465,7.207236652116603,5.598326660418267
2,legendre,7,2.0,10.0,12.487430358845817,1.1117950385193076,119,15.667152248366591,11.378485269127111,9.746852306094809,14.502552507079795,11.142109463560772
2,legendre,7,2.0,31.622776601683793,19.819499492794186,1.67172972392746,119,24.270613105091805,17.935153688513914,15.848443411597824,23.330124955693442,17.71316230307394
2,legendre,7,2.0,100.0,27.508524129573278,2.2030371652701604,119,32.89737788695371,25.128039074763915,22.454497904669246,32.69821398065332,24.364491800826194
2,legendre,7,2.0,316.2277660168379,33.96063755675648,2.745172141589957,119,40.945392976945314,31.63908035860327,27.715243381435915,40.05674944538136,29.446721621416533
2,legendre,7,2.0,1000.0,39.4757837938852,3.3297323106839705,119,48.759712264388824,37.578124013280174,31.98350154392042,45.685493911635085,33.37208723620149
2,legendre,8,0.0,9.999999999999999e-06,0.3797659918864805,0.06855483193084118,164,0.6260629884127518,0.30096323577159556,0.24746979727376264,0.42925452531887187,0.29507941265542104
2,legendre,8,0.0,3.1622776601683795e-05,0.379765407792385,0.06855433212886632,164,0.6260602834522457,0.300963387378849,0.2474697880091564,0.4292542373560864,0.29507934276558745
2,legendre,8,0.0,0.0001,0.37976356075171136,0.0685527516403301,164,0.6260517297336914,0.3009638668077372,0.2474697587153399,0.42925332674448324,0.295079121757305
2,legendre,8,0.0,0.00031622776601683794,0.3797577201665747,0.06854775393755548,164,0.6260246816767291,0.3009653829414984,0.2474696661145633,0.4292504472045433,0.2950784228955397
2,legendre,8,0.0,0.001,0.3797392533177007,0.06853195222168913,164,0.6259391599707602,0.3009701778424521,0.24746937362923632,0.4292413419675783,0.29507621317847665
2,legendre,8,0.0,0.0031622776601683794,0.37968088303687714,0.06848200688221877,164,0.6256688341591344,0.30098534529999343,0.24746845214927507,0.4292125553579032,0.29506922821807946
2,legendre,8,0.0,0.01,0.37949656999569276,0.0683243063944985,164,0.6248151634806958,0.3010333554774909,0.24746557255585105,0.4291215908555703,0.29504716760885585
2,legendre,8,0.0,0.03162277660168379,0.3789164135291715,0.0678280130316787,164,0.6221273313665096,0.3011856407457604,0.24745680978173185,0.4288346024835482,0.2949776832683074
2,legendre,8,0.0,0.1,0.3771084912455989,0.06628239935776749,164,0.6137436981998008,0.3016718183880628,0.24743251605735078,0.4279337048259694,0.29476071875681054
2,legendre,8,0.0,0.31622776601683794,0.3716511231009465,0.06162696509245213,164,0.5883595007940097,0.3032544617656344,0.24738934733300377,0.42515036034707443,0.2941019452650104
2,legendre,8,0.0,1.0,0.35678202154698824,0.04906163072784887,164,0.5183906360041363,0.30868489835460045,0.24757391700182044,0.4169782431499066,0.29228241322447746
2,legendre,8,0.0,3.1622776601683795,0.32838883862723184,0.02692057103952873,164,0.37601669724539244,0.32939210698290255,0.2509404514517467,0.3967022622027235,0.28889267525339407
2,legendre,8,0.0,10.0,0.33431572224465367,0.025502174085828715,164,0.30927974069435205,0.4151721109228669,0.2800926531570548,0.37160408995697963,0.29543001649201506
2,legendre,8,0.0,31.622776601683793,0.5570557235704134,0.08133500172881188,164,0.7869462778203918,0.7194439985404084,0.4368751606630458,0.44951913482467704,0.392494046003544
2,legendre,8,0.0,100.0,1.2226570635793896,0.22464083487623532,164,2.0001830708044532,1.4543430139486389,0.9495244832049703,0.9072348203739228,0.8019999295649628
2,legendre,8,0.0,316.2277660168379,2.7497248398897662,0.4471232363986133,164,4.421763003105174,2.8797348172227126,2.192285309951895,2.351591708864693,1.903249360304354
2,legendre,8,0.0,1000.0,6.58652747369719,1.0085153869144343,164,10.421913039026427,6.055225040183997,5.033998171222542,6.548987804288193,4.8725133137647925
2,legendre,8,1.0,9.999999999999999e-06,0.37976196939819273,0.06855172556018345,164,0.6260457007046146,0.3009634572329615,0.24746928602160895,0.4292525420964296,0.295078860935349
2,legendre,8,1.0,3.1622776601683795e-05,0.379752688519729,0.0685445097464061,164,0.6260056191455161,0.30096408777133876,0.24746817146099764,0.42924796605359383,0.29507759816719903
2,legendre,8,1.0,0.0001,0.37972334839936767,0.06852169877815777,164,0.6258789082710139,0.30096608234475186,0.24746464847190847,0.42923349711983627,0.29507360578932784
2,legendre,8,1.0,0.00031622776601683794,0.3796306526576938,0.06844963847658048,164,0.6254785943843308,0.3009723960963798,0.2474535234008115,0.4291877601712176,0.2950609892357292
2,legendre,8,1.0,0.001,0.3793383792051649,0.06822250469781532,164,0.6242164900874471,0.3009924253980986,0.24741849845314792,0.4290433054430035,0.2950211766441272
2,legendre,8,1.0,0.0031622776601683794,0.37842261534398397,0.06751158369069447,164,0.6202630009842235,0.30105639510153087,0.2473092843978911,0.42858827615512096,0.2948961200811535
2,legendre,8,1.0,0.01,0.37560923408055685,0.06533469883269515,164,0.6081263196081073,0.30126490156295077,0.24697900639594578,0.4271669496852022,0.29450899315057816
2,legendre,8,1.0,0.03162277660168379,0.36747010190345586,0.05910143927765819,164,0.5730828972574059,0.3019834826750601,0.24607492030518072,0.4228435743154123,0.2933656349642205
2,legendre,8,1.0,0.1,0.34766013848515387,0.04440691737168103,164,0.487934566973128,0.30476950348393955,0.24435149503005243,0.41075881133433556,0.2904863156043139
2,legendre,8,1.0,0.31622776601683794,0.31726089638562194,0.024356778655217397,164,0.35136039818413445,0.31711325401350343,0.2454694092262842,0.38533515646998456,0.2870262640342029
2,legendre,8,1.0,1.0,0.31821778195730743,0.02319808205128586,164,0.26957697661787766,0.3715697421390341,0.2704880344391892,0.3739851588151155,0.30546899777532077
2,legendre,8,1.0,3.1622776601683795,0.4789787021816606,0.03116468278032591,164,0.4581697779467935,0.5742927125934424,0.396060772996643,0.5218904605483857,0.44447978682303857
2,legendre,8,1.0,10.0,1.1733854967073198,0.10352845862644916,164,1.4888152659543235,1.2215443057551696,0.9071382506281662,1.2605867577436483,0.9888429034552919
2,legendre,8,1.0,31.622776601683793,3.4341553270346687,0.4167328518978815,164,4.86349043469597,3.133867948340494,2.596420210229353,3.834357240774434,2.742640801133091
2,legendre,8,1.0,100.0,9.046420787551419,1.111032185466671,164,12.790903816222627,7.951511248205847,6.776573961182218,10.313192191866968,7.399922720279433
2,legendre,8,1.0,316.2277660168379,18.922950600832312,2.0694796783741416,164,25.62774156563512,17.066177064792857,14.339861842897719,21.637703922606523,15.94326860822934
2,legendre,8,1.0,1000.0,30.939961558509992,2.9924599610321283,164,40.22987142993845,28.95804748701796,24.192692158268944,35.30626771178392,26.01292900554069
2,legendre,8,2.0,9.999999999999999e-06,0.37962931391088545,0.06845536748064687,164,0.6254951162198761,0.3009521953650103,0.2474423654272581,0.4291982417262563,0.29505865081602645
2,legendre,8,2.0,3.1622776601683795e-05,0.37933436168566254,0.06824073980616759,164,0.6242696286613075,0.3009286922737629,0.24738345058392683,0.4290761741294841,0.29501386277983127
2,legendre,8,2.0,0.0001,0.3784120166125488,0.06757038629229381,164,0.6204397229062266,0.3008563139462577,0.2472007840954292,0.42868946863220464,0.2948737934826259
2,legendre,8,2.0,0.00031622776601683794,0.37559518222814176,0.06553066558311077,164,0.6087649475062769,0.30064644953330577,0.2466580993542665,0.42746021628065256,0.29444619846620723
2,legendre,8,2.0,0.001,0.3675790753481246,0.05978565704449863,164,0.5757141508304601,0.3001603439985686,0.2452516280632769,0.4235303123498183,0.29323894149849933
2,legendre,8,2.0,0.0031622776601683794,0.3487787876348315,0.046565317847163,164,0.4988371954792189,0.3000832377904356,0.24300960863532522,0.411318368007253,0.29064552826192497
2,legendre,8,2.0,0.01,0.32158737082325184,0.026526653308747268,164,0.38065586497885884,0.3087770025157214,0.2458253100490137,0.3824096282595949,0.2902690483130702
2,legendre,8,2.0,0.03162277660168379,0.32294806195995057,0.01812628760671302,164,0.2907920915994992,0.3671049839821253,0.2772879805653173,0.36141202438651737,0.31814322926629374
2,legendre,8,2.0,0.1,0.4527917484446795,0.03791498909220026,164,0.3621842562630835,0.586168502743533,0.4011708162493003,0.46211426900522695,0.4523208979622539
2,legendre,8,2.0,0.31622776601683794,0.9630392938502121,0.06993642187494306,164,0.9824112847654056,1.2091786864618401,0.7928823769381548,0.9563655600364763,0.8743585610491836
2,legendre,8,2.0,1.0,2.463411522882863,0.21216773291339835,164,3.055112980516312,2.7145422344938517,1.899792826744814,2.579225588237044,2.068383984422294
2,legendre,8,2.0,3.1622776601683795,6.050643124557573,0.5765132018701181,164,7.837153409557928,5.852018490065331,4.616953594943139,6.794801663961263,5.1522884642602085
2,legendre,8,2.0,10.0,12.14394825101952,1.1209788074966311,164,15.450904982925223,11.090650538712786,9.443879961836398,14.0548230928495,10.679482678773686
2,legendre,8,2.0,31.622776601683793,19.57895073814431,1.6769663998515782,164,24.135616767759988,17.74285107079822,15.625039508455453,22.998824470145507,17.39242187356239
2,legendre,8,2.0,100.0,27.364025451682664,2.2051877262212303,164,32.817842170235,25.010942344006143,22.31379784434744,32.4963486031136,24.18119629671113
2,legendre,8,2.0,316.2277660168379,33.89367531683945,2.746561494777014,164,40.906790712767794,31.582394014395522,27.64860201299108,39.96408996785773,29.366499876185106
2,legendre,8,2.0,1000.0,39.451072988223075,3.3304924538999456,164,48.744960880204914,37.556447038194,31.958717725002934,45.651395704942345,33.343843592771165
2,legendre,9,0.0,9.999999999999999e-06,0.4621801148602732,0.10623106344405489,219,0.4218853208602897,0.40579258866317697,0.2869302113463543,0.8749236259440376,0.3213688274875076
2,legendre,9,0.0,3.1622776601683795e-05,0.4621790653419276,0.1062308612107701,219,0.42188191028369204,0.4057925684723065,0.2869302077715535,0.8749221370355793,0.32136850314650656
2,legendre,9,0.0,0.0001,0.4621757466322631,0.10623022171927349,219,0.4218711257513794,0.4057925046398963,0.2869301964811132,0.8749174287846662,0.3213674775042604
2,legendre,9,0.0,0.00031622776601683794,0.46216525353820864,0.1062281997325234,219,0.4218370286437616,0.40579230295138347,0.28693016091832263,0.8749025408983314,0.3213642342792439
2,legendre,9,0.0,0.001,0.4621320873304661,0.10622180827529558,219,0.4217292698810823,0.4057916668290196,0.2869300498658382,0.8748554703697963,0.32135397970659413
2,legendre,9,0.0,0.0031622776601683794,0.46202736511899933,0.10620162288373337,219,0.4213891636824865,0.405789671955345,0.28692971274886686,0.8747067112575146,0.3213215659507837
2,legendre,9,0.0,0.01,0.46169778528728855,0.10613804988269594,219,0.4203202019013535,0.4057835306616414,0.2869287870734919,0.874237201752971,0.32121920504698487
2,legendre,9,0.0,0.03162277660168379,0.4606712273280982,0.10593951274234555,219,0.41700467911858025,0.40576577539883923,0.2869272562212287,0.8727615139994821,0.3208969119023607
2,legendre,9,0.0,0.1,0.45757718559902616,0.10533400262339337,219,0.4071482805594798,0.4057261144593004,0.2869361477033142,0.8681837580428009,0.3198916272302353
2,legendre,9,0.0,0.31622776601683794,0.4491859222562405,0.10357352341703906,219,0.3816770803972004,0.4057604464800491,0.28709460910136897,0.8545492426261049,0.3168482326764787
2,legendre,9,0.0,1.0,0.4333594466283632,0.09839956794154797,219,0.3436884876962885,0.40731777918305456,0.2887079435715109,0.818601948122636,0.30848107456832585
2,legendre,9,0.0,3.1622776601683795,0.4362309315808872,0.08333308644411246,219,0.41408355771702743,0.4230495106870544,0.3009008514422994,0.7510678346150554,0.2920529034429994
2,legendre,9,0.0,10.0,0.5475877387911047,0.10451064902120252,219,0.855423286839225,0.5203073223155432,0.36262302744255637,0.7049288988672499,0.29465615849094917
2,legendre,9,0.0,31.622776601683793,0.8615574126676571,0.20690737061351544,219,1.6281754749219524,0.862182076366584,0.5708753605776112,0.8109715926524709,0.435582558819667
2,legendre,9,0.0,100.0,1.4994029790313832,0.3122512364716215,219,2.6614928038802663,1.6099574493007254,1.11998125423536,1.2018848129831334,0.903698574757431
2,legendre,9,0.0,316.2277660168379,2.8688770048909378,0.47014211674838163,219,4.639772968708382,2.983060147698473,2.380338454602556,2.340502600984377,2.0007108524609025
2,legendre,9,0.0,1000.0,6.205217312691401,0.8963108939899342,219,9.691020640606961,5.7632030312295495,5.018719475617276,5.819121462483334,4.734021953519884
2,legendre,9,1.0,9.999999999999999e-06,0.4621656720958853,0.10622311981320372,219,0.4218713052577615,0.4057849981069288,0.2869287329305105,0.8748783783420645,0.32136494584216135
2,legendre,9,1.0,3.1622776601683795e-05,0.4621334024612782,0.10620574735063598,219,0.4218375974088753,0.40576856801091854,0.28692553296062134,0.8747790845458349,0.32135622938014097
2,legendre,9,1.0,0.0001,0.4620314393534885,0.10615086572402135,219,0.42173107960003176,0.40571663835541416,0.2869154169345653,0.8744653866937091,0.3213286751837225
2,legendre,9,1.0,0.00031622776601683794,0.4617098257180056,0.10597786221798287,219,0.4213949966580867,0.4055526906910181,0.2868834588937013,0.8734763445169991,0.3212416378302229
2,legendre,9,1.0,0.001,0.46070094084830016,0.10543619508618012,219,0.42033971388369534,0.4050369140821862,0.2867827141728944,0.8703779970631844,0.3209673650395405
2,legendre,9,1.0,0.0031622776601683794,0.4575897787669157,0.1037757470688798,219,0.41707597682244435,0.4034322307679935,0.28646725665189704,0.8608638557066692,0.32010957388557426
2,legendre,9,1.0,0.01,0.44847842831991025,0.09900002449104038,219,0.4074390858956101,0.39861006369391616,0.28550004770190346,0.8333536243402664,0.3174893199678553
2,legendre,9,1.0,0.03162277660168379,0.4253516845552511,0.0874708944431744,219,0.38253399541158933,0.38557391470093105,0.28271977070921195,0.765890769330647,0.31003997262387606
2,legendre,9,1.0,0.1,0.38311360539419925,0.06851542235018512,219,0.3363634636036518,0.3596699421237757,0.27612410920074476,0.6506023877397185,0.29280812430310554
2,legendre,9,1.0,0.31622776601683794,0.3416621899532359,0.050172918625586316,219,0.2940437692070138,0.34089761851152944,0.2678016368286742,0.5353569862817025,0.27021093893725945
2,legendre,9,1.0,1.0,0.34926172127058686,0.03759598021163969,219,0.31349885733779886,0.3904554729608772,0.2825305730725246,0.4772805832316358,0.28254311975009777
2,legendre,9,1.0,3.1622776601683795,0.5072534692890049,0.038109168972656475,219,0.5310387674451292,0.5904666072257683,0.4048887898458431,0.579323232957935,0.4305499489703492
2,legendre,9,1.0,10.0,1.1602313812501892,0.10141869061921034,219,1.491226293591697,1.1776670359189818,0.9143230282674043,1.231703851217941,0.986236697254921
2,legendre,9,1.0,31.622776601683793,3.3233402332857787,0.38668830889584793,219,4.683453760508838,2.9472256618011716,2.5599777379102115,3.655810589085088,2.7702334171235834
2,legendre,9,1.0,100.0,8.795190972378304,1.045471485325459,219,12.327133954016514,7.56819778467644,6.600241938333335,9.976359609743552,7.504021575121682
2,legendre,9,1.0,316.2277660168379,18.629890090396366,1.9878985085045013,219,25.045836022183686,16.594336722365874,14.075647761896837,21.263453426840307,16.170176518695115
2,legendre,9,1.0,1000.0,30.707295513294962,2.925366562436341,219,39.78227886236189,28.581209973253415,23.966626459006697,35.00894605682307,26.197416215029723
2,legendre,9,2.0,9.999999999999999e-06,0.46128750435500665,0.10560056344684451,219,0.42173480510010036,0.4052428455907271,0.28680533322124796,0.8714714639767122,0.3211830738862456
2,legendre,9,2.0,3.1622776601683795e-05,0.45939434466748513,0.10427192794206362,219,0.42139866491567135,0.40406713771713526,0.28653701743997795,0.8641849474970767,0.32078395576756447
2,legendre,9,2.0,0.0001,0.4537262180970659,0.10036107036363633,219,0.42027595436294823,0.40046270541931783,0.28570363953205297,0.8426417859213213,0.31954700524968926
2,legendre,9,2.0,0.00031622776601683794,0.43841767260930914,0.09032840887864012,219,0.41627446571813104,0.3900990325826758,0.2832115738113861,0.7866316281118741,0.3158716628224786
2,legendre,9,2.0,0.001,0.40579937214195755,0.07175401900768474,219,0.4018795443315099,0.3652541694851385,0.27655486359673986,0.6790969765943272,0.3062113067020725
2,legendre,9,2.0,0.0031622776601683794,0.3588838488440421,0.05149194479018463,219,0.3624320608513089,0.3272728027791366,0.26349443647759735,0.5534579885233055,0.28776195558886225
2,legendre,9,2.0,0.01,0.31887398400858646,0.036051730669763075,219,0.3024204701420863,0.31007450914574963,0.25263082332789827,0.45701380021111493,0.27223031721608304
2,legendre,9,2.0,0.03162277660168379,0.31931677038438877,0.026585816217381382,219,0.26585977247635806,0.3617026780847253,0.2723954014162779,0.40122197442604834,0.29540402551853434
2,legendre,9,2.0,0.1,0.4416661833170009,0.03550933990068431,219,0.36123567850567034,0.5618624324461843,0.3841401282020387,0.47098036252172026,0.4301123149093907
2,legendre,9,2.0,0.31622776601683794,0.9297829212762483,0.06220238514961151,219,0.9674168689197196,1.1351344840515605,0.7606525917243656,0.9279608416049848,0.8577498200806115
2,legendre,9,2.0,1.0,2.4067374688550873,0.20040240002037135,219,2.9934796562533945,2.590935214968485,1.8552606903227324,2.517026980212737,2.076984802518089
2,legendre,9,2.0,3.1622776601683795,5.991105886874107,0.5590951003341224,219,7.72641140124785,5.730332531498442,4.569501432424003,6.722962137655519,5.206321931544716
2,legendre,9,2.0,10.0,12.084571473110286,1.104588758564904,219,15.323651917451452,10.986721706866001,9.385793137691147,13.9860862049939,10.74060439854893
2,legendre,9,2.0,31.622776601683793,19.537328579544994,1.6665575068424794,219,24.04712957553223,17.673168625945458,15.577787766684343,22.950521502334137,17.438035427228805
2,legendre,9,2.0,100.0,27.345654957492677,2.1995747660968976,219,32.7763324347264,24.978447491879223,22.29056511200669,32.47241185173931,24.210517897111774
2,legendre,9,2.0,316.2277660168379,33.88594540460218,2.7436880628940425,219,40.88915322679047,31.568236576984937,27.6390894075626,39.95328930222022,29.37995850945269
2,legendre,9,2.0,1000.0,39.4471052071607,3.3291729944805772,219,48.7370319110094,37.54971578812324,31.954429298549933,45.646151085520714,33.348197952600216
2,legendre,10,0.0,9.999999999999999e-06,0.9348133304546226,0.5309128185785883,285,0.3977874104082887,0.47958845387314375,0.3511370477457102,3.0568103796104156,0.388743360635554
2,legendre,10,0.0,3.1622776601683795e-05,0.9348065622713314,0.530906922456847,285,0.3977840504995933,0.47958835026049973,0.35113801364722325,3.056780016834142,0.3887423801151983
2,legendre,10,0.0,0.0001,0.9347851607410721,0.5308882780168209,285,0.3977734278284911,0.4795880227139814,0.35114106806177403,3.0566840055638793,0.3887392795372353
2,legendre,10,0.0,0.00031622776601683794,0.9347174966027308,0.5308293264602584,285,0.39773985891520186,0.47958698797527805,0.3511507266263638,3.0563804338515643,0.38872947564524635
2,legendre,10,0.0,0.001,0.9345036581434151,0.5306429786423013,285,0.39763393363405236,0.4795837263845188,0.35118126626557805,3.055420881454618,0.38869848297830734
2,legendre,10,0.0,0.0031622776601683794,0.9338287819605414,0.5300544280723887,285,0.39730124913148196,0.4795735176390865,0.3512778068215545,3.0523907611187786,0.38860057509180546
2,legendre,10,0.0,0.01,0.93170794796363,0.528200573717054,285,0.39627174012263583,0.4795422849146644,0.35158275146867946,3.042851007505651,0.3882919558065195
2,legendre,10,0.0,0.03162277660168379,0.9251315630631846,0.5224104829062209,285,0.39323308060345447,0.4794539277816591,0.35254361399069023,3.0131013346887174,0.38732585825140214
2,legendre,10,0.0,0.1,0.9055551634671355,0.5048003932926989,285,0.385555564919175,0.47927576456517007,0.3555469290772747,2.923030933508039,0.3843666252660183
2,legendre,10,0.0,0.31622776601683794,0.8537595962561385,0.45541378666048166,285,0.37509964253030476,0.4796411888458917,0.3646809035267552,2.6734845070965334,0.37589173928120795
2,legendre,10,0.0,1.0,0.753046797624205,0.34487102789738955,285,0.40139928631489985,0.487962055208116,0.3900363481438911,2.1297862781261347,0.356050020327983
2,legendre,10,0.0,3.1622776601683795,0.6639237642838899,0.19269267708873808,285,0.5786873599720332,0.5487817772788255,0.44625888075336906,1.4148533011407447,0.331037502274477
2,legendre,10,0.0,10.0,0.7275334679593632,0.12325164867168106,285,1.02901200741682,0.7793871834481184,0.546532243173848,0.926526527263847,0.3562093784941827
2,legendre,10,0.0,31.622776601683793,1.0327162757600805,0.22116519541275076,285,1.781588638233344,1.2635500381665818,0.7472112521727606,0.8300389384224504,0.5411925118052652
2,legendre,10,0.0,100.0,1.6729001896198503,0.34116684779791995,285,2.8461253474045414,2.0407478406993644,1.2289540424677552,1.2170610680426677,1.0316126494849231
2,legendre,10,0.0,316.2277660168379,2.949403954248816,0.47199503220112404,285,4.617973401405295,3.363783568201517,2.35776774324533,2.3410634594287485,2.0664315989631876
2,legendre,10,0.0,1000.0,5.904987260325922,0.8163301575487533,285,8.996873852941198,5.899474823401584,4.731402912644424,5.478414396246447,4.418770316395955
2,legendre,10,1.0,9.999999999999999e-06,0.9345810523252464,0.5306967020746488,285,0.3977833616592434,0.4795622204580151,0.3511250769224216,3.055713326257333,0.38872127632921816
2,legendre,10,1.0,3.1622776601683795e-05,0.934072586713584,0.5302240323861802,285,0.3977712637135917,0.4795054303828639,0.3511001735636676,3.053313503001389,0.3886725629064074
2,legendre,10,1.0,0.0001,0.9324696333794525,0.5287340776768426,285,0.39773315398812803,0.47932618100434193,0.35102155675816477,3.0457485822340464,0.38851869291258206
2,legendre,10,1.0,0.00031622776601683794,0.9274497058811798,0.524069536754541,285,0.3976140154746554,0.4787626899996371,0.3507742851328367,3.022063678572604,0.38803386022616576
2,legendre,10,1.0,0.001,0.9120504048124213,0.5097756023185863,285,0.3972481558247312,0.477013584429087,0.3500054379888263,2.9494669036450523,0.38651794217441005
2,legendre,10,1.0,0.0031622776601683794,0.8676623215542966,0.4687242760706744,285,0.39613026390983375,0.47179142171933985,0.34769704328918516,2.7408025614292493,0.38189031742387486
2,legendre,10,1.0,0.01,0.7598738990519655,0.370374602785056,285,0.39198209545528856,0.4578664784956146,0.3414170169474532,2.2393669786141768,0.36873692574729433
2,legendre,10,1.0,0.03162277660168379,0.5815668618881884,0.21527518141962632,285,0.3724257337720114,0.43005358546154254,0.3277981273418501,1.439693725622573,0.3378631372429647
2,legendre,10,1.0,0.1,0.42083793193322805,0.09305691947697058,285,0.32141217253692417,0.4006031798963308,0.306872653872173,0.785257661266359,0.29004399209435294
2,legendre,10,1.0,0.31622776601683794,0.35014776095895284,0.049577513764651755,285,0.2826727002403227,0.4062157954497695,0.2854824257718514,0.5193078934268678,0.2570599899059528
2,legendre,10,1.0,1.0,0.37158407743652877,0.044830534929136995,285,0.32070929922610963,0.48876146371451085,0.2899821340982051,0.47170223251843896,0.2867652576253791
2,legendre,10,1.0,3.1622776601683795,0.544850290344003,0.055581319614305645,285,0.544620414812589,0.7166248471844534,0.4039895684317926,0.6068601526440089,0.45215646864717074
2,legendre,10,1.0,10.0,1.1794283060859594,0.1053144892094595,285,1.453524890953133,1.3076396424845815,0.8921425988644618,1.2652831917127587,0.9785512064148619
2,legendre,10,1.0,31.622776601683793,3.19916767236667,0.3769091202068138,285,4.493768936612303,2.961760289854042,2.434022188363106,3.5434297440849556,2.5628572029189436
2,legendre,10,1.0,100.0,8.298974264684578,1.0537308353102264,285,11.926154677868132,7.273104065678096,6.186388279043829,9.361455832379729,6.7477684684531125
2,legendre,10,1.0,316.2277660168379,17.743159226565847,2.03285661511446,285,24.538321010967504,15.954108366205006,13.267797112941357,20.03761689565448,14.917952747060898
2,legendre,10,1.0,1000.0,29.917797496842677,2.9711703039735187,285,39.37187436172373,27.945582035777896,23.181511836466548,33.882772309937664,25.207246940307577
2,legendre,10,2.0,9.999999999999999e-06,0.9168401505560496,0.5141179088404337,285,0.3982886720329825,0.47734028020082314,0.3496995252778001,2.9716309650562005,0.3872413102124415
2,legendre,10,2.0,3.1622776601683795e-05,0.8812814515285327,0.4809156603670361,285,0.3996778561697327,0.4726958493048218,0.3467425881069621,2.803202510430633,0.3840884536305142
2,legendre,10,2.0,0.0001,0.7919045348400123,0.3978098137703631,285,0.405209091646258,0.4596966084296258,0.33855107659886713,2.3811618271151245,0.37490407041018636
2,legendre,10,2.0,0.00031622776601683794,0.6323236830848741,0.2530871895380741,285,0.4178838975260855,0.4301003191297917,0.32033016371804934,1.6413897831814452,0.35191425186899855
2,legendre,10,2.0,0.001,0.46634301954326557,0.11873504369040426,285,0.4099654430945606,0.3847812212684815,0.2928108408321518,0.9331324673460324,0.3110251251751016
2,legendre,10,2.0,0.0031622776601683794,0.36271418420103424,0.05719743824024751,285,0.3536415561987284,0.34514559462955385,0.26476968995702993,0.5794189035778196,0.2705951766420393
2,legendre,10,2.0,0.01,0.3154764082629913,0.0357445435571268,285,0.2887761290788129,0.3386595167391403,0.24766777335295015,0.4437713525401927,0.25850726960386033
2,legendre,10,2.0,0.03162277660168379,0.32011869383541,0.030620303069615367,285,0.25562589902969063,0.3953701007817807,0.2636921944882821,0.3914461245411337,0.29445915033616266
2,legendre,10,2.0,0.1,0.4414752145826566,0.04287653257543853,285,0.3479873840702967,0.5896907440711453,0.3683425520422904,0.46714532531141656,0.43421006741813406
2,legendre,10,2.0,0.31622776601683794,0.9117172716835722,0.067077049899168,285,0.9363689785031715,1.1367754745408114,0.7274556278915089,0.9152810156041562,0.8427052618782127
2,legendre,10,2.0,1.0,2.3331349451176497,0.20450479494068302,285,2.927916053401586,2.532368590225136,1.775849954228579,2.4432416809908895,1.9862984467420577
2,legendre,10,2.0,3.1622776601683795,5.823087443404797,0.5684250841165341,285,7.616362758854846,5.591562536944099,4.4108563534397724,6.518758417012554,4.977897150772716
2,legendre,10,2.0,10.0,11.889597589273157,1.113601642663288,285,15.215827532471517,10.832177950929657,9.201723915740342,13.72820240056331,10.470056146660962
2,legendre,10,2.0,31.622776601683793,19.39304044255038,1.6723593159646517,285,23.979794395479026,17.56268914345989,15.435769434590577,22.747215683934584,17.239733555287817
2,legendre,10,2.0,100.0,27.257723356097767,2.202186834220376,285,32.73625825765821,24.909467885368684,22.200756204920555,32.34628897266727,24.095845459874127
2,legendre,10,2.0,316.2277660168379,33.84507882415598,2.745083263792623,285,40.86915093076351,31.534500651720425,27.59669261161209,39.89518549753863,29.32986442914528
2,legendre,10,2.0,1000.0,39.43204248405145,3.3298477596072926,285,48.72927820425698,37.5367933071883,31.93870433064099,45.62478552981422,33.3306510483568
2,legendre,11,0.0,9.999999999999999e-06,5.675923882319937,4.1160859798389415,363,3.3303756640597526,1.2455556630295186,0.959304577264201,22.03887273921096,0.8055107680352543
2,legendre,11,0.0,3.1622776601683795e-05,5.6755614947802195,4.115779356912222,363,3.330230874467463,1.2455431134977717,0.959241254818498,22.037286283935366,0.805505947181999
2,legendre,11,0.0,0.0001,5.67441581833179,4.114809959288621,363,3.329773197380714,1.2455034409749282,0.9590410777508275,22.032270672561012,0.805490702991466
2,legendre,11,0.0,0.00031622776601683794,5.670795804578472,4.111746745302578,363,3.3283277706269843,1.2453781111463442,0.9584087225723696,22.016421915058626,0.8054425034880384
2,legendre,11,0.0,0.001,5.659377571806011,4.102082865853265,363,3.323775594818339,1.2449830371162125,0.9564156243136923,21.966423450924278,0.8052901518575319
2,legendre,11,0.0,0.0031622776601683794,5.623560094604028,4.071749932872928,363,3.3095642668286636,1.2437461349309606,0.9501781575350916,21.809502854675948,0.8048090590494741
2,legendre,11,0.0,0.01,5.5131225346408295,3.9780485679902085,363,3.266380949390392,1.2399557715970349,0.9310882918585914,21.32489311191865,0.8032945484394771
2,legendre,11,0.0,0.03162277660168379,5.190005587788589,3.702465024820299,363,3.145143733338704,1.2290847070119846,0.8765453038793268,19.900681047260154,0.7985731474527694
2,legendre,11,0.0,0.1,4.375834544079528,2.9998176225565563,363,2.867344518477771,1.2034308000199205,0.7492219262088579,16.274869444465793,0.7843060312252985
2,legendre,11,0.0,0.31622776601683794,2.949607847061695,1.7477267043420313,363,2.4431435311289285,1.1669903145379616,0.575566974999419,9.81704368063378,0.7452947340083836
2,legendre,11,0.0,1.0,1.6559892620880237,0.6141153834377029,363,2.0866790958077135,1.14611525892188,0.5241091306885808,3.8556979788413885,0.6673448461805561
2,legendre,11,0.0,3.1622776601683795,1.1295611421890637,0.2505854350908215,363,1.9289997980629168,1.1303680470925928,0.5958066774340545,1.3812544264725037,0.611376761883251
2,legendre,11,0.0,10.0,1.0968957867145608,0.23855925036826436,363,1.9805792176026151,1.1821663705202614,0.6804339744406348,0.9301453070766469,0.711154063932645
2,legendre,11,0.0,31.622776601683793,1.3772869157879088,0.2892921631065195,363,2.448794690536356,1.4952149042492568,0.833169247813132,1.1157892623128118,0.9934664740279873
2,legendre,11,0.0,100.0,1.9832261214525768,0.3888005047182266,363,3.4053511670861916,2.20751797238837,1.2605174904612197,1.550041871034535,1.4927021062925665
2,legendre,11,0.0,316.2277660168379,3.161368006703745,0.5149867422511993,363,5.044899281371352,3.490147421698493,2.329451176145512,2.51366643820766,2.428675716095708
2,legendre,11,0.0,1000.0,5.808654387753441,0.8119362113756016,363,8.914322171234602,5.818498278827328,4.574413848200048,5.219158886424776,4.516878754080447
2,legendre,11,1.0,9.999999999999999e-06,5.66184171056032,4.105597026587252,363,3.317447017982734,1.2449431361925378,0.9579664873722257,21.983615561888385,0.8052363493657175
2,legendre,11,1.0,3.1622776601683795e-05,5.631252051035489,4.0827512834235,363,3.2896799692364183,1.243610604854982,0.955026247788631,21.863304379247218,0.8046390540501965
2,legendre,11,1.0,0.0001,5.536475342038137,4.011753226283035,363,3.204770693262116,1.2394365048098652,0.9458738257988143,21.489537428143485,0.8027582581764048
2,legendre,11,1.0,0.00031622776601683794,5.2550563600687905,3.7990666925020955,363,2.9624677170558598,1.2266189022946414,0.9183189967691587,20.37098646375762,0.7968897204666736
2,legendre,11,1.0,0.001,4.515409879636136,3.227534779344925,363,2.392016339747523,1.1894803123848772,0.8432190615361941,17.373245059235668,0.77908862527642
2,legendre,11,1.0,0.0031622776601683794,3.0768090808250026,2.0735408883099073,363,1.522681066689167,1.0965031170094415,0.6863692198378166,11.34905969676942,0.7294323038191688
2,legendre,11,1.0,0.01,1.4934927104201543,0.7797313641867206,363,0.8343589487886337,0.9184684334646424,0.49814716381366064,4.598025131098087,0.6184638749357482
2,legendre,11,1.0,0.03162277660168379,0.6692260841535715,0.1698922746519248,363,0.4953266693259857,0.680543678753603,0.38733258199068243,1.3207978242631573,0.46212966643442926
2,legendre,11,1.0,0.1,0.4277009346298669,0.054844469936584206,363,0.35000316538734283,0.4911566009219115,0.33423273074630905,0.614893428065176,0.3482187480285953
2,legendre,11,1.0,0.31622776601683794,0.37421559692306955,0.04089031420857888,363,0.3213891464073854,0.43353157763717476,0.30177800325405607,0.5064608681113068,0.30791838920542486
2,legendre,11,1.0,1.0,0.40872677230966925,0.04224562604320533,363,0.38462467057531363,0.5070617686835477,0.30580006628634016,0.5080372035790387,0.33811015242410625
2,legendre,11,1.0,3.1622776601683795,0.5837623046112239,0.05528866063222857,363,0.6179334082329617,0.7383909997312211,0.4250097368841804,0.6408678316439069,0.4966095465638493
2,legendre,11,1.0,10.0,1.2015008348127802,0.10626432702217199,363,1.504977095269197,1.3143589728190093,0.9118016383568973,1.2587309056115272,1.0176355620072706
2,legendre,11,1.0,31.622776601683793,3.1647871803698253,0.3661494453770315,363,4.460007672617915,2.8921889038316504,2.42287538117339,3.4364817848364444,2.6123821593897256
2,legendre,11,1.0,100.0,8.156569617889932,1.0206893794434726,363,11.703598510107476,7.0454686639926205,6.076536573995592,9.125423993697193,6.831820347656783
2,legendre,11,1.0,316.2277660168379,17.54195552557774,1.9800398952383553,363,24.163871142286336,15.61353896011127,13.068927422727873,19.75661991175286,15.10682019101036
2,legendre,11,1.0,1000.0,29.748618376588343,2.9198381730302367,363,39.04370747441623,27.651603093800947,22.99710060896499,33.65027952713507,25.400401178624467
2,legendre,11,2.0,9.999999999999999e-06,4.615883459733414,3.312225216678816,363,2.4386949122893666,1.1920332214454836,0.8576854024186396,17.811137721127714,0.7798660413858658
2,legendre,11,2.0,3.1622776601683795e-05,3.229052235482584,2.2170981224740802,363,1.5249505764248137,1.099248235837112,0.7120426187366122,12.077606660830938,0.7314130855834446
2,legendre,11,2.0,0.0001,1.5955334903658198,0.8860893166234418,363,0.79678045544076,0.9117113804716647,0.5178756531572803,5.129393930531144,0.6219060322282494
2,legendre,11,2.0,0.00031622776601683794,0.6978655400257111,0.19503396133500897,363,0.5292071516609883,0.6524562416368179,0.3853138331995726,1.4581182430283088,0.464232230602868
2,legendre,11,2.0,0.001,0.43339933743429954,0.05858088388404048,363,0.418263914633488,0.43986372028366594,0.3175011734283546,0.6492619361385807,0.34210594268740824
2,legendre,11,2.0,0.0031622776601683794,0.3466648467097824,0.040651643767824874,363,0.3326537464009653,0.3450434503672573,0.27450931759886205,0.49962854797330686,0.2814891712085206
2,legendre,11,2.0,0.01,0.3107464923908959,0.032701708006115264,363,0.2749794488241756,0.33455610382412315,0.2508521495737469,0.42844396431021103,0.264900795422223
2,legendre,11,2.0,0.03162277660168379,0.3189881603528586,0.03049228178384813,363,0.2528103847307954,0.3924671432957213,0.2622713070218104,0.3904889933062089,0.29690297340975697
2,legendre,11,2.0,0.1,0.4373860062869503,0.04081159018337103,363,0.3525841755069986,0.5780154019401896,0.36222685542771116,0.46298897867644495,0.43111461988340744
2,legendre,11,2.0,0.31622776601683794,0.8984280313510127,0.06337110915446195,363,0.939704297343587,1.1011410485512918,0.7143941457009453,0.8989122441897385,0.837988420969501
2,legendre,11,2.0,1.0,2.3095512449171136,0.20085778169432655,363,2.9149660167622655,2.4696882510240745,1.7554240380507475,2.4103564242908666,1.9973214944576134
2,legendre,11,2.0,3.1622776601683795,5.797102868030689,0.5608963033192693,363,7.575401535348374,5.525612136444009,4.386131001533574,6.4774038972584265,5.020965769569059
2,legendre,11,2.0,10.0,11.861576483175375,1.1051039232359223,363,15.155914842125494,10.774622707392279,9.168289056897173,13.688685716009442,10.520370093452488
2,legendre,11,2.0,31.622776601683793,19.372997602338337,1.6664457612248231,363,23.934253212678904,17.524642051265054,15.40788549149023,22.720613039593314,17.277594216664177
2,legendre,11,2.0,100.0,27.24925621970151,2.1988273255409845,363,32.714389648151595,24.892260343945136,22.187038308321483,32.33351285276491,24.119079945324415
2,legendre,11,2.0,316.2277660168379,33.841536906241544,2.7433412472988072,363,40.859813586740906,31.527009749801966,27.591091775687353,39.88939807476895,29.340371344208542
2,legendre,11,2.0,1000.0,39.43011388011796,3.3290546597489405,363,48.72507003807813,37.53315186306032,31.936207450532407,45.6219364992625,33.3342035496564
2,legendre,12,0.0,9.999999999999999e-06,16.90163451372813,6.204656710742337,454,25.780092123067742,12.815924022515395,6.260846000865909,36.319731177509055,3.331579244682549
2,legendre,12,0.0,3.1622776601683795e-05,16.892733423110318,6.201024538794013,454,25.752735705194084,12.813069783617422,6.25938196254243,36.307322921968876,3.3311567422287744
2,legendre,12,0.0,0.0001,16.864673981274976,6.189585081808577,454,25.666601145558595,12.804055738441747,6.254759055811857,36.26813246312956,3.3298215034331067
2,legendre,12,0.0,0.00031622776601683794,16.776814264084248,6.153867283802014,454,25.39790917297328,12.775668642086504,6.2402076663427515,36.1446784363039,3.3256074027148124
2,legendre,12,0.0,0.001,16.507371223212605,6.045251247335557,454,24.583582316671635,12.687057566690832,6.1948560632110095,35.7589965268443,3.3123636426452476
2,legendre,12,0.0,0.0031622776601683794,15.730124744083625,5.738730956214776,454,22.319043120570807,12.417779203971895,6.05774189989047,34.584769489946325,3.2712900060386274
2,legendre,12,0.0,0.01,13.815774597960129,5.008928058826638,454,17.316319526386337,11.65901856723254,5.678035029249206,31.276535100514444,3.1489647664181177
2,legendre,12,0.0,0.03162277660168379,10.352575175399211,3.650631738710701,454,10.501749601896698,9.869021678661602,4.831039344355046,23.736462456545766,2.8246027955369413
2,legendre,12,0.0,0.1,6.244258779497764,1.8612880651456285,454,5.737538198631517,6.810509721766803,3.5501291052261563,12.945867485425055,2.177249386439292
2,legendre,12,0.0,0.31622776601683794,3.255845612450682,0.6630719463310549,454,3.4896627719325,3.681954431314547,2.350124083595521,5.341714314194974,1.4157724612158682
2,legendre,12,0.0,1.0,1.9103819709057432,0.2703537080305571,454,2.2980810932746607,2.1114945371667817,1.616902387553668,2.5181379470279657,1.0072938895056387
2,legendre,12,0.0,3.1622776601683795,1.471197406617517,0.14982702202676462,454,1.824012807191345,1.7178802194249054,1.2546074411095671,1.5475221441207985,1.011964421240969
2,legendre,12,0.0,10.0,1.4433834978432003,0.16880011274967435,454,1.9859398846130354,1.6908017998024696,1.1154392374830766,1.2111816825572421,1.2135548847601778
2,legendre,12,0.0,31.622776601683793,1.7210919182907296,0.2676039764236613,454,2.6641030167245185,1.9350084111620536,1.1773694334805458,1.3321389720279537,1.4968397580585782
2,legendre,12,0.0,100.0,2.279315875481275,0.3862240551338494,454,3.6760460820188405,2.521300054227115,1.5289357936708723,1.744789390741187,1.925508056748359
2,legendre,12,0.0,316.2277660168379,3.340296660366593,0.5090574374359507,454,5.206582707661766,3.637166852370902,2.435130202810182,2.6885146066878045,2.734088932302309
2,legendre,12,0.0,1000.0,5.729337654463652,0.7814162644979014,454,8.70560860145221,5.769545508344114,4.447883402248131,5.182092498569985,4.541558261703821
2,legendre,12,1.0,9.999999999999999e-06,16.573304495872108,6.065093409514965,454,24.815743063286952,12.71439834601053,6.2129472952120794,35.80486917604457,3.31856459880641
2,legendre,12,1.0,3.1622776601683795e-05,15.905367234700417,5.786868258296315,454,22.904438874450697,12.49828036320766,6.110916488278011,34.72275564551455,3.2904448020511743
2,legendre,12,1.0,0.0001,14.157862888793511,5.087437514099202,454,18.25454593437181,11.865682337437061,5.8128634556097705,31.650900112545013,3.205322604003893
2,legendre,12,1.0,0.00031622776601683794,10.707542128304949,3.7559474739282743,454,10.76100898781059,10.250885337102474,5.059825210719203,24.497009469176916,2.9689816367155606
2,legendre,12,1.0,0.001,6.347773374851913,1.999244760570298,454,4.727212737960558,7.18121055910826,3.6767220482966736,13.711785623955219,2.441935904938851
2,legendre,12,1.0,0.0031622776601683794,2.9722775992649706,0.678814603983172,454,2.0791900893255812,3.655424014084475,2.1347758930494725,5.326506264077986,1.6654917357873373
2,legendre,12,1.0,0.01,1.3098737403802228,0.18509688472670793,454,0.963983688803291,1.5847723855093734,1.1140852004167552,1.8993826780853997,0.9871447490862943
2,legendre,12,1.0,0.03162277660168379,0.6979098568465473,0.0740084821012955,454,0.5162073163780693,0.850024575098136,0.6201048840894468,0.8957766183918334,0.6074358902752505
2,legendre,12,1.0,0.1,0.46891267753816746,0.04184875229789954,454,0.35803583986424586,0.5665507518011446,0.41331640533380865,0.5655371810964809,0.4411232095951574
2,legendre,12,1.0,0.31622776601683794,0.4021338188184321,0.03154642429672013,454,0.33812233780582673,0.48279786610436914,0.3360563440302443,0.46992605967563517,0.38376648647608486
2,legendre,12,1.0,1.0,0.4391134878182049,0.038500838657231806,454,0.41015497710919924,0.55227007184772,0.330787796477911,0.4957741426497731,0.4065804510064215
2,legendre,12,1.0,3.1622776601683795,0.6199092975110118,0.056744862318971565,454,0.6496308342722336,0.7867516584705638,0.44548939033282353,0.6588990773548294,0.5587755271246084
2,legendre,12,1.0,10.0,1.2332445038288902,0.10888733829797874,454,1.5225586565468283,1.3727987245546052,0.917658165374027,1.2947979079502405,1.0584090647187496
2,legendre,12,1.0,31.622776601683793,3.1236911699776515,0.3633223838276042,454,4.389809285107782,2.9047356549650774,2.370778574259883,3.411823323636944,2.541309011918571
2,legendre,12,1.0,100.0,7.863432591852944,1.0293386546272385,454,11.46895672553006,6.850371887844896,5.832147593864204,8.78306954022458,6.382617211800974
2,legendre,12,1.0,316.2277660168379,16.88370356929871,2.0265742401430993,454,23.821959815992233,15.106719955086277,12.473425301958553,18.86515800297547,14.151254770481017
2,legendre,12,1.0,1000.0,29.0677921719992,2.9738370009958137,454,38.74280459528431,27.081459673976603,22.315173927411387,32.67939299973311,24.520129663590605
2,legendre,12,2.0,9.999999999999999e-06,6.614482468951552,2.1454220530980885,454,5.26777859044352,7.062355784346332,3.6694944523946207,14.618418099612054,2.4543654179612324
2,legendre,12,2.0,3.1622776601683795e-05,3.129062363116152,0.8361123900398139,454,2.131164289928432,3.533035186966763,2.0822527269067255,6.227682214194367,1.6711773975844721
2,legendre,12,2.0,0.0001,1.336548473428395,0.24118069563353864,454,0.9675546365976789,1.4936338324480365,1.0294241900488121,2.217960129874951,0.9741695781724966
2,legendre,12,2.0,0.00031622776601683794,0.6706463847760584,0.07123493590119502,454,0.5785745129463092,0.7516322456813949,0.5342630885754195,0.9131684502708909,0.5755936264062773
2,legendre,12,2.0,0.001,0.4300081169543441,0.03413211393032653,454,0.4156846124500424,0.4574962687967116,0.3421125096043297,0.5442542407221924,0.3904929531984443
2,legendre,12,2.0,0.0031622776601683794,0.335246709242103,0.026862552266601104,454,0.3209683442117418,0.34809986060648207,0.27112473682569865,0.4304823504779881,0.3055582540886043
2,legendre,12,2.0,0.01,0.3035809119153404,0.026819864908440866,454,0.2655580732962982,0.3393542300387654,0.24452081537089146,0.3903298687633918,0.27814157210735513
2,legendre,12,2.0,0.03162277660168379,0.31742110831171144,0.03068206069405845,454,0.24831068208515544,0.39896350621149734,0.2557000825031618,0.37654876781087754,0.30758250294786516
2,legendre,12,2.0,0.1,0.4378307416242607,0.04334134768823691,454,0.34830166427183235,0.5860226673678104,0.35383943141311586,0.4609314509016379,0.4400584941669072
2,legendre,12,2.0,0.31622776601683794,0.8928659842763746,0.06573407264314426,454,0.9280248982015195,1.1033731721029834,0.698826763219833,0.897761289072719,0.8363437987848181
2,legendre,12,2.0,1.0,2.2742441834020215,0.20386094130498716,454,2.886711199937693,2.4403651395791157,1.7134131173114244,2.377772332491458,1.9529591276904157
2,legendre,12,2.0,3.1622776601683795,5.699128583834638,0.5685809189158373,454,7.520592741678923,5.441190579177858,4.290030914594959,6.358100872151095,4.8857278115703595
2,legendre,12,2.0,10.0,11.735659044409795,1.1133316850213493,454,15.097264352587638,10.670912988563403,9.04619099290914,13.520321900295173,10.343604987693617
2,legendre,12,2.0,31.622776601683793,19.27510963928162,1.6721008611058596,454,23.896791492524205,17.446613357533703,15.308848003053575,22.581555656803488,17.141739686493125
2,legendre,12,2.0,100.0,27.188883905516764,2.201533472132888,454,32.69172787700771,24.84320177813023,22.123760247172143,32.246268238117544,24.03946138715618
2,legendre,12,2.0,316.2277660168379,33.81350921346637,2.744693102026794,454,40.84829978104726,31.503138056362406,27.561332406643835,39.84919856444872,29.30557725882964
2,legendre,12,2.0,1000.0,39.41982452423194,3.329669674810313,454,48.72060569340163,37.524046938818536,31.925230402087152,45.60719846890605,33.32204111794636
2,legendre,14,0.0,9.999999999999999e-06,25695.807708300166,23076.15110385016,679,2909.9191076699763,3059.645075756812,1169.3461043446391,117987.7659057825,3352.3623479469156
2,legendre,14,0.0,3.1622776601683795e-05,9239.515757050267,7842.922698800098,679,1556.1987683072434,1233.4924073424029,685.3461833759081,40597.32092926522,2125.220496960568
2,legendre,14,0.0,0.0001,2688.6534420021803,1837.3204501670887,679,893.2534768510935,629.5309713975446,403.0082693685543,9999.991740063622,1517.482752330086
2,legendre,14,0.0,0.00031622776601683794,866.5045734598003,394.348436651306,679,394.24419971958883,427.55255206258914,226.98723027897245,2377.784267585538,905.9546176523124
2,legendre,14,0.0,0.001,323.6863059584287,102.2688782840567,679,136.17125302346582,293.769818456866,116.3784239549661,677.3769844477245,394.7350499091211
2,legendre,14,0.0,0.0031622776601683794,136.16411772373453,42.36127465564984,679,55.13613388941135,156.19632197065516,50.48962486235558,283.0741317958933,135.92437610035725
2,legendre,14,0.0,0.01,59.78606406428624,20.268282260825345,679,29.36828239398301,66.22073876264383,22.133352150013128,134.94472810453348,46.26321891025778
2,legendre,14,0.0,0.03162277660168379,25.52020485308151,8.32233707256477,679,15.633580466343199,25.80655339667471,10.967150483497687,57.39479255334743,17.798947365544528
2,legendre,14,0.0,0.1,11.148682871402745,3.169936569944919,679,8.251272141700941,10.77047921132976,5.180007314879585,23.323257718431705,8.218397970671727
2,legendre,14,0.0,0.31622776601683794,5.698609967836302,1.4335264594411798,679,4.6591601381870555,5.795131458798545,2.4885777162878187,11.02180721733873,4.528373308569362
2,legendre,14,0.0,1.0,3.584385932252835,0.780970507148111,679,3.214135432422239,3.8350308113850273,1.629721927417238,6.357375255216059,2.8856662348236126
2,legendre,14,0.0,3.1622776601683795,2.6719610771499616,0.42486894124034563,679,2.9064506911003862,2.7942543113797935,1.4191241643603103,4.005785647559451,2.234190571349866
2,legendre,14,0.0,10.0,2.364925714512313,0.2984099386572371,679,3.121596202128404,2.3720223363997186,1.3884707906293858,2.8120679266779858,2.1304713167260703
2,legendre,14,0.0,31.622776601683793,2.422828020545422,0.34606058709070425,679,3.6247797553655103,2.434633149527017,1.4689677413668432,2.3507965448761556,2.2349629115915834
2,legendre,14,0.0,100.0,2.7888109972418853,0.43575627745537776,679,4.384940695444455,2.8869370339776044,1.7923864828727265,2.3948070557098586,2.4849837182047816
2,legendre,14,0.0,316.2277660168379,3.658168182226133,0.5294126736875895,679,5.633535051107756,3.828190893436416,2.6371675697257184,3.094232108438093,3.097715288422679
2,legendre,14,0.0,1000.0,5.675107319364663,0.737186707790233,679,8.498284076470542,5.668466767942883,4.463709029642394,5.139740591066457,4.605336131701042
2,legendre,14,1.0,9.999999999999999e-06,364.9983636530181,159.13746347552572,679,111.36871127465645,218.0671132049571,117.38314196206593,962.2149766844556,415.9578751389553
2,legendre,14,1.0,3.1622776601683795e-05,143.05584190228697,62.39343755988851,679,44.10542704782337,104.92915188214295,43.35500350526105,381.1148547597671,141.7747723164404
2,legendre,14,1.0,0.0001,54.81008623711271,24.43778824657032,679,20.209681382526067,41.04837986307604,17.474803807725188,150.05912827150556,45.258437860730744
2,legendre,14,1.0,0.00031622776601683794,20.135886252512257,7.793635347735455,679,10.00410356864413,15.500067837113301,8.41967037601212,50.7373052557881,16.01828422500364
2,legendre,14,1.0,0.001,7.690760176934485,2.3490601574762247,679,4.927804733154236,6.337685209431329,3.8037874256744253,16.877064109210902,6.507459407201535
2,legendre,14,1.0,0.0031622776601683794,3.3260970894128343,0.8815783581605751,679,2.3915324138647662,3.0369679778945273,1.6105563067757132,6.7093458893258076,2.8820828592033587
2,legendre,14,1.0,0.01,1.626340480013448,0.40804331220759044,679,1.2078764041920313,1.5672699844736848,0.8448282502156973,3.190750129682266,1.3209776315035613
2,legendre,14,1.0,0.03162277660168379,0.8844300839016572,0.18569173727708108,679,0.7045722576870775,0.836472331966619,0.572069899934051,1.6081234271851936,0.7009125027353444
2,legendre,14,1.0,0.1,0.5888247047481402,0.08285658561141321,679,0.5198116515676448,0.5625935713166548,0.4416268365549586,0.9110396553717267,0.5090518089297162
2,legendre,14,1.0,0.31622776601683794,0.49460986713023214,0.04337980295151181,679,0.4778844576268858,0.5168217300761078,0.3732793704524991,0.6403727371700049,0.46469104032566316
2,legendre,14,1.0,1.0,0.5149477148289265,0.042512260564453,679,0.5344699953543665,0.6061764205813258,0.3656617934260962,0.5811901376026378,0.48724022718020654
2,legendre,14,1.0,3.1622776601683795,0.6915042055243992,0.06299367600165745,679,0.7665863351859666,0.852907273941588,0.48431117093432885,0.7233221885584935,0.6303940590016185
2,legendre,14,1.0,10.0,1.2918579956386445,0.11495382422656611,679,1.6051821336805072,1.4330920053693346,0.9592795146221995,1.3494443139855243,1.112292010535657
2,legendre,14,1.0,31.622776601683793,3.102457447817249,0.3539490766080078,679,4.339416304114483,2.8938767338058033,2.3748219651026767,3.374785408813687,2.529386827249595
2,legendre,14,1.0,100.0,7.592193245464907,1.0086537728869343,679,11.15551074275634,6.588342692283045,5.643660006992664,8.43983076211614,6.133622023176347
2,legendre,14,1.0,316.2277660168379,16.241374778361173,2.0247678076160667,679,23.285368015217454,14.46839675719698,11.895499256097319,18.005666616796006,13.551943246498116
2,legendre,14,1.0,1000.0,28.347608950450383,2.9857185333833867,679,38.24121945802865,26.34550028873115,21.571680548227555,31.65394421665642,23.92570024060813
2,legendre,14,2.0,9.999999999999999e-06,6.298721332523675,1.9623985674169249,679,4.108524349139445,4.662061823532285,3.0838980107686513,13.967863861212399,5.671258617965593
2,legendre,14,2.0,3.1622776601683795e-05,2.6795505174872254,0.6776359254686741,679,2.0778820347210534,2.324143003340376,1.3210915356026456,5.281137171630879,2.393498842141173
2,legendre,14,2.0,0.0001,1.2723693872319382,0.27126538589426963,679,1.0988527394934489,1.178830936435393,0.7210975099546646,2.311656085518273,1.0514096647579116
2,legendre,14,2.0,0.00031622776601683794,0.6895069636112867,0.12158959285327733,679,0.6360009797054496,0.6223842721021938,0.4793937681528089,1.1626680778185006,0.5470877202774809
2,legendre,14,2.0,0.001,0.44889927239502364,0.06135947356034778,679,0.4225157902135437,0.406468181965041,0.3535696866184801,0.6894702980432251,0.37247240513482816
2,legendre,14,2.0,0.0031622776601683794,0.3457009916984397,0.03591462749441432,679,0.31791235287563857,0.338523767844322,0.2824484525850988,0.4846689079248424,0.3049514772622968
2,legendre,14,2.0,0.01,0.30701905654956446,0.027338481945659687,679,0.26504330372105434,0.34133772524898437,0.2484423993350732,0.3966312280809588,0.28364062636175164
2,legendre,14,2.0,0.03162277660168379,0.3203400451978795,0.030535044753384297,679,0.2534315261941251,0.4046592710782539,0.25609809937800343,0.37406809875420466,0.3134432305848104
2,legendre,14,2.0,0.1,0.4408356083477757,0.043297823010977225,679,0.35744005602253487,0.5898037689005099,0.3518907724133353,0.46156009014861105,0.443483354253887
2,legendre,14,2.0,0.31622776601683794,0.8879105901868838,0.06545478513449488,679,0.9322562008907628,1.0910546227753977,0.6894900904927284,0.8940188123973207,0.8327332243782098
2,legendre,14,2.0,1.0,2.243549701387116,0.20462060964873147,679,2.8702311660907305,2.3889127462632644,1.681799713831707,2.345594215460742,1.9312106652891388
2,legendre,14,2.0,3.1622776601683795,5.622049401737783,0.5704301884182613,679,7.467493034829682,5.344665651072008,4.215312923509125,6.260167189321015,4.822608209957091
2,legendre,14,2.0,10.0,11.632551148238964,1.115027554787282,679,15.02529522738358,10.561627879916921,8.940547089514055,13.381729767019468,10.253555777360788
2,legendre,14,2.0,31.622776601683793,19.193563056517313,1.6731932120074786,679,23.845115754302512,17.366527760509037,15.21883741534684,22.46649747123478,17.070836881193408
2,legendre,14,2.0,100.0,27.140652728160397,2.201681770834311,679,32.663821340660384,24.79713696219995,22.068216584060558,32.17542253895907,23.998666214922032
2,legendre,14,2.0,316.2277660168379,33.79133486974819,2.7446724954517827,679,40.83515203753415,31.481247738922058,27.535713055480606,39.8163950108916,29.288166505912557
2,legendre,14,2.0,1000.0,39.411298853073056,3.3296458910360838,679,48.71514839418534,37.51517839484669,31.91550493007703,45.594677405822274,33.31598514043393
2,legendre,16,0.0,9.999999999999999e-06,5545.801719676273,2712.476593943942,968,2538.5660766943506,15652.609698985394,1128.60277287673,6739.4070947672035,1669.822955057686
2,legendre,16,0.0,3.1622776601683795e-05,1858.4005205933056,884.6157235782447,968,1313.0724285077129,5337.637259080067,448.3618793783119,1319.0971549153596,873.8338810850761
2,legendre,16,0.0,0.0001,588.0507802135933,208.2452326404223,968,659.6184669930637,1351.466591205008,166.50623484131393,471.41520011475296,291.24740791382726
2,legendre,16,0.0,0.00031622776601683794,186.63921916490816,44.60495457975052,968,238.21167952779564,260.8257093208621,46.195735453213345,270.7815365330238,117.1814349896459
2,legendre,16,0.0,0.001,80.00087378080659,20.995780672635746,968,74.79331273169339,73.4013392550195,17.66392072222814,149.56303415852574,84.58276203656618
2,legendre,16,0.0,0.0031622776601683794,41.92110815299286,9.937841854948022,968,30.7278280264727,41.026688563248925,11.553780953313428,59.56147150142556,66.73577172050366
2,legendre,16,0.0,0.01,23.71041420728771,5.790133485169841,968,16.40312382011342,27.210819153722394,8.500220271832571,23.403432147261217,43.03447564350894
2,legendre,16,0.0,0.03162277660168379,12.863672507241393,2.177149998690366,968,9.89936185226989,15.227520610826065,6.28821222000621,14.059865277830777,18.84340257527402
2,legendre,16,0.0,0.1,7.325940975262749,1.0573919385782895,968,7.055972346779038,7.278316581243833,4.562312539693396,11.09161329057078,6.6414901180267005
2,legendre,16,0.0,0.31622776601683794,5.166831347323017,1.1210046570995436,968,5.981567400842808,4.062286189580396,3.062284019895347,9.188334541625744,3.5396845846707827
2,legendre,16,0.0,1.0,3.9993475517423795,0.8397802432506396,968,5.3183438383444495,3.005773191313871,2.1129114240881566,6.596534590306085,2.963174714659334
2,legendre,16,0.0,3.1622776601683795,3.256781277232362,0.5583087761982898,968,4.722854479028895,2.7425523870227986,1.7207122353397921,4.352076198793561,2.7457110859767635
2,legendre,16,0.0,10.0,2.901865395382851,0.4451885746731673,968,4.364898723200013,2.7596638203400654,1.6181371038539059,3.1612730810892975,2.6053542484309724
2,legendre,16,0.0,31.622776601683793,2.858581950152101,0.43359331893117486,968,4.370513168420402,2.9443371035673387,1.6962923429903323,2.7435263151489266,2.5382408206335056
2,legendre,16,0.0,100.0,3.130508649800917,0.4674067890741541,968,4.786575392157247,3.3806132060355387,2.018051586154715,2.8102051848570038,2.6570978798000806
2,legendre,16,0.0,316.2277660168379,3.8771194995778453,0.5331974875222616,968,5.8091724691219175,4.179486875007941,2.793141452142266,3.413633215213784,3.190163486403318
2,legendre,16,0.0,1000.0,5.620263794819638,0.6904323944706514,968,8.219347829782327,5.747116676002877,4.454799319367933,5.145612087990563,4.534443060954489
2,legendre,16,1.0,9.999999999999999e-06,97.17417046992963,47.5731110311675,968,50.463062643271925,50.11560813693765,14.037360465025571,281.3036914177814,89.95112968663163
2,legendre,16,1.0,3.1622776601683795e-05,40.99298707291845,12.701854522968128,968,22.608171755651792,30.722869462281572,9.838170085947867,74.36482774514694,67.4308963155641
2,legendre,16,1.0,0.0001,18.8914515472595,5.4350921611502265,968,10.933873326862848,18.60487920730595,6.880043446349386,19.585737138619802,38.45272461715952
2,legendre,16,1.0,0.00031622776601683794,8.489815803009375,1.7853599721108486,968,5.344546553143766,9.07457771724102,4.575324191792683,8.792226760334838,14.662403792534565
2,legendre,16,1.0,0.001,3.991762577898757,0.5892007571082359,968,2.8768612045071467,3.8921422214142942,2.693040281224886,5.898516879000382,4.598252303347078
2,legendre,16,1.0,0.0031622776601683794,2.242779029083501,0.5116485596552165,968,1.8453606589079723,1.79485754425171,1.3797674313515471,4.253044845705669,1.9408646652006056
2,legendre,16,1.0,0.01,1.3462968855278548,0.3152940572187977,968,1.2509549345120066,0.9835628796682003,0.7569834998829931,2.559824261074547,1.180158852501526
2,legendre,16,1.0,0.03162277660168379,0.8683378968864301,0.1536057034956043,968,0.8593065192185095,0.6894225287142405,0.5304345856793117,1.4373382259520824,0.825187624868007
2,legendre,16,1.0,0.1,0.6420118117198467,0.07627620283792472,968,0.6488863844781024,0.5796640146862317,0.4373872600075752,0.9075783021525838,0.6365430972747397
2,legendre,16,1.0,0.31622776601683794,0.5580210916468096,0.048447710248705554,968,0.5862361731479356,0.5725737687868185,0.38932466007279637,0.6900804350662494,0.5518904211602479
2,legendre,16,1.0,1.0,0.5802483419335623,0.05033047007048053,968,0.6307451499302447,0.6683746347034049,0.39395838078459516,0.6515524938427941,0.5566110504067726
2,legendre,16,1.0,3.1622776601683795,0.7587842695796633,0.06876293995215717,968,0.8538826184979861,0.9164406766026081,0.5245099621322807,0.8025175526580137,0.6965705380074284
2,legendre,16,1.0,10.0,1.3507818444299189,0.11786316060446766,968,1.6667230048781008,1.492597087485221,1.004374445174748,1.421017480684362,1.1691972039271639
2,legendre,16,1.0,31.622776601683793,3.102538397690517,0.34476431841670163,968,4.3040244247510175,2.9067748440230217,2.3926810836076156,3.3715537526128636,2.5376578834580665
2,legendre,16,1.0,100.0,7.406418492375242,0.9895591527655219,968,10.91862959136919,6.417959463983057,5.5240219736737215,8.208857619542917,5.962623813307323
2,legendre,16,1.0,316.2277660168379,15.742315941743067,2.0232451681336285,968,22.858515555656247,13.974892570740149,11.454937031796721,17.35187868726572,13.071355863256503
2,legendre,16,1.0,1000.0,27.72572472266129,3.0024182769489003,968,37.82422577603338,25.71088848284843,20.92682961298006,30.771207160123243,23.39547258132135
2,legendre,16,2.0,9.999999999999999e-06,3.143115859079228,0.5273945980069092,968,2.3084800028880514,2.7781056386144454,2.0234161491369873,4.931136541148016,3.6744409636086397
2,legendre,16,2.0,3.1622776601683795e-05,1.6415445724031215,0.3169741426961022,968,1.378039979016486,1.352584663773415,1.0022998603776574,2.844770736199137,1.6300276226489128
2,legendre,16,2.0,0.0001,0.9370546250985639,0.15690462545199463,968,0.889675327613849,0.7823703921835172,0.5922957268330478,1.5249838340221356,0.8959478448402697
2,legendre,16,2.0,0.00031622776601683794,0.5984015143240174,0.07790193765679221,968,0.5806301842532917,0.5302123294206118,0.4338384847088321,0.893878795298783,0.5534477779385691
2,legendre,16,2.0,0.001,0.43024990780967187,0.045199957626808396,968,0.4070472604527652,0.3986953690428184,0.34564463141653456,0.6058973385262536,0.3939649396099872
2,legendre,16,2.0,0.0031622776601683794,0.3460585801812651,0.030743870908356733,968,0.3167479911917064,0.3470894470123024,0.28529171173406476,0.4626453152616062,0.3185184357066456
2,legendre,16,2.0,0.01,0.31196607778552554,0.02657452883166223,968,0.26801462951557464,0.3510342459887927,0.25293895125110827,0.3946144185794433,0.293228143592709
2,legendre,16,2.0,0.03162277660168379,0.32681738869998816,0.031120074221798587,968,0.2587607618386695,0.4134165344118788,0.2602709697955912,0.37960692992907263,0.32203174752472863
2,legendre,16,2.0,0.1,0.44738483831563913,0.043617737995453626,968,0.3654954681054328,0.5962772110779051,0.35444077721055467,0.4703620149444765,0.4503487202398266
2,legendre,16,2.0,0.31622776601683794,0.8894674715133715,0.06550835230968625,968,0.9389621646537515,1.0873000370566337,0.6867489146130044,0.8999476776489985,0.8343785635944686
2,legendre,16,2.0,1.0,2.2276295495851497,0.20598525929452893,968,2.8656408304693604,2.3581139546142214,1.663007256302158,2.3317674177581367,1.9196182887818707
2,legendre,16,2.0,3.1622776601683795,5.571022016989534,0.5732084651289654,968,7.437879670479316,5.278624516719419,4.162811748128743,6.196356466731344,4.779437682888847
2,legendre,16,2.0,10.0,11.558863215061947,1.1176854941031187,968,14.979445780745056,10.482960652174917,8.861888902272863,13.282708625019293,10.187312115097615
2,legendre,16,2.0,31.622776601683793,19.13368554133509,1.6748733913387162,968,23.81105379559359,17.307965617884896,15.150450710820015,22.381510371658127,17.01744721071882
2,legendre,16,2.0,100.0,27.104869102707738,2.202182310087501,968,32.645218403948846,24.76324916172903,22.025789031404422,32.12233341294602,23.96775550351037
2,legendre,16,2.0,316.2277660168379,33.77485216568987,2.744816466822179,968,40.82629666241405,31.465106038744928,27.516169764251345,39.79171020107417,29.274978161964878
2,legendre,16,2.0,1000.0,39.40499458517452,3.3296925109538584,968,48.71146759984244,37.50866470518086,31.908132169723036,45.585284694881935,33.31142375624434
2,legendre,18,0.0,9.999999999999999e-06,25528.0131596933,16546.47926618129,1329,4311.385321664632,90458.75807518723,14926.301865741261,17602.00723204651,341.61330382684434
2,legendre,18,0.0,3.1622776601683795e-05,5858.340609682321,2867.651881962692,1329,1075.3923415577517,14391.954942367956,2498.6254510684275,11020.349237667793,305.3810757496761
2,legendre,18,0.0,0.0001,1306.87414691435,674.0384822128674,1329,171.27115965611912,2348.3557948172547,334.9005059548368,3452.2595871060994,227.58368703744
2,legendre,18,0.0,0.00031622776601683794,321.2158094844749,159.75391171545112,1329,48.961744832211295,522.8735026087372,58.841641413207945,856.0509476567486,119.35121091146952
2,legendre,18,0.0,0.001,110.33759905504328,53.164314995072964,1329,35.59095432377235,152.87431177229342,16.88379303278478,300.6511404066264,45.68779573973953
2,legendre,18,0.0,0.0031622776601683794,53.59858172442588,27.31089647873411,1329,25.699749410830826,52.37055680578156,8.04196274420955,159.03449027601158,22.84614938529584
2,legendre,18,0.0,0.01,29.74147333869856,14.721630766008188,1329,15.683352207444901,22.112003789389817,6.034642251167653,87.69735740273211,17.18001104275833
2,legendre,18,0.0,0.03162277660168379,15.592836623970308,5.992198554633524,1329,9.670641473573022,11.466862796869279,5.067001229421146,38.986989076891724,12.772688543096384
2,legendre,18,0.0,0.1,7.955974003388652,1.698935064228688,1329,7.214571602639322,7.0963169532359185,4.115234917471989,14.343005900458044,7.010740643137983
2,legendre,18,0.0,0.31622776601683794,4.693241534870318,0.6120612696329132,1329,6.195895535075062,5.384242263708492,3.2366534906663675,5.411825142148343,3.2375912427533273
2,legendre,18,0.0,1.0,3.5552796975707937,0.6420986509883826,1329,5.610206098370753,4.50756467036573,2.5528452960258408,2.778506245037203,2.3272761780544418
2,legendre,18,0.0,3.1622776601683795,3.192782846160152,0.6054062856235057,1329,5.253983995137748,3.8951466575834766,2.108089896228605,2.389443266686148,2.3172504151647804
2,legendre,18,0.0,10.0,3.1159699267661756,0.5652873363018203,1329,5.126470864478284,3.5117209445508437,1.9177315050435844,2.627805507192656,2.3961208125655116
2,legendre,18,0.0,31.622776601683793,3.1860238090969233,0.568393800657685,1329,5.247457731702958,3.424734549378917,1.9502536445123517,2.8289981735027023,2.4786749463876876
2,legendre,18,0.0,100.0,3.4433207059298674,0.5876350082254529,1329,5.59931437003845,3.6827140629909585,2.238873714855659,2.9907117541772523,2.7049896275870187
2,legendre,18,0.0,316.2277660168379,4.100225294816103,0.6156738383260146,1329,6.38379151310526,4.360203208425669,2.967290547588336,3.495845712261592,3.293995492699659
2,legendre,18,0.0,1000.0,5.640284092970836,0.7072003459980697,1329,8.326634688426353,5.766419269360197,4.518408557154446,4.998167040825807,4.591790909087377
2,legendre,18,1.0,9.999999999999999e-06,80.03919180947454,46.52610173218568,1329,28.9711449823306,67.61877753753836,7.999191950315442,262.16601955248507,33.440825024703244
2,legendre,18,1.0,3.1622776601683795e-05,42.19744020602368,24.357434334331092,1329,14.7619318559312,27.505160000842174,4.39853943295836,138.1707268350936,26.150842905293075
2,legendre,18,1.0,0.0001,20.750423135287484,10.307779606352945,1329,6.47557717136971,13.02868106383481,3.380376765906295,60.24567382859436,20.621806846732248
2,legendre,18,1.0,0.00031622776601683794,8.861083679618947,3.235315826826924,1329,3.1066160671335403,6.499049562335053,2.6634723185620457,19.877865859115158,12.158414590948938
2,legendre,18,1.0,0.001,3.615664317171106,0.8111899795070183,1329,1.926920205564792,3.471340472795233,1.9545925540358087,6.206603840797972,4.518864512661725
2,legendre,18,1.0,0.0031622776601683794,1.676486210118906,0.17947415610963283,1329,1.373815945885652,2.020545498648341,1.3202994212345258,2.1929223651858045,1.4748478196402064
2,legendre,18,1.0,0.01,1.0097368556244533,0.07940895029473313,1329,1.039625379966267,1.2684834745507465,0.8626865843761232,1.0543254639383028,0.8235633752908272
2,legendre,18,1.0,0.03162277660168379,0.7562315257564007,0.04860927826099887,1329,0.8124500464265335,0.8676320572870164,0.605524379413043,0.8142247561584268,0.6813263894969841
2,legendre,18,1.0,0.1,0.6405087059201289,0.04521341376163602,1329,0.6860696418320231,0.6772616775739047,0.4826398763505154,0.7478621520170898,0.6087101818271117
2,legendre,18,1.0,0.31622776601683794,0.5954747063360217,0.0461128893468318,1329,0.6572042414596417,0.629490642645065,0.4308609578005026,0.6935140563336469,0.566303633441252
2,legendre,18,1.0,1.0,0.6286975931617709,0.05227714779171741,1329,0.7148930898579199,0.7071352632907489,0.4408503552748825,0.6928395720609449,0.5877696853243581
2,legendre,18,1.0,3.1622776601683795,0.81148322467261,0.06941046428828086,1329,0.9380702921062142,0.9513097386028442,0.5791375649716723,0.8501973319238016,0.7387011957585178
2,legendre,18,1.0,10.0,1.399303732895876,0.1171773624831993,1329,1.7294374287432905,1.525938744101241,1.0650227427411507,1.4612276494516223,1.2148920994420753
2,legendre,18,1.0,31.622776601683793,3.112573191213665,0.33583768042342915,1329,4.2908970947864855,2.916776386055461,2.4366072634779607,3.362427527494089,2.5561576842543285
2,legendre,18,1.0,100.0,7.28481026972067,0.9726518965807393,1329,10.753353151478636,6.307745901864871,5.466975749956935,8.044384478466407,5.8515920668365045
2,legendre,18,1.0,316.2277660168379,15.360623888711604,2.0224847469165423,1329,22.53229764325564,13.597925129901137,11.126042215629608,16.852801879790658,12.69405257498098
2,legendre,18,1.0,1000.0,27.19235619853102,3.0225780634852684,1329,37.484018039849616,25.166269294451958,20.368472520255494,30.01351608150883,22.9295050565892
2,legendre,18,2.0,9.999999999999999e-06,2.6593805203286096,0.5353226982712773,1329,1.581402137830548,2.525277577017353,1.5938142511626208,4.439342397997988,3.157066237634539
2,legendre,18,2.0,3.1622776601683795e-05,1.2726159547372733,0.11517561254885789,1329,1.1144686818114964,1.4021201151355602,0.9871728384071403,1.644977083724212,1.2143410546079572
2,legendre,18,2.0,0.0001,0.7876132705251907,0.051380624173179526,1329,0.7937370306786258,0.860084324103841,0.6287971738440553,0.92537005139925,0.7300777726001819
2,legendre,18,2.0,0.00031622776601683794,0.5582450389049267,0.03961110348964305,1329,0.5597737900146516,0.5796460502450098,0.4458950480957151,0.6875126511917051,0.518397654977552
2,legendre,18,2.0,0.001,0.42330049869600855,0.03236886012109753,1329,0.405933393548617,0.42744537068932364,0.34762399799086585,0.5417689192735824,0.3937308119776537
2,legendre,18,2.0,0.0031622776601683794,0.3463190924471101,0.02701996343483774,1329,0.31654716593138543,0.3591049410996234,0.2874417309487635,0.4442822561105525,0.32421936814522573
2,legendre,18,2.0,0.01,0.3141423204777567,0.02584030102643645,1329,0.2685309548503673,0.35552365706232536,0.25603538131673803,0.3913664571628867,0.2992551519964662
2,legendre,18,2.0,0.03162277660168379,0.33039725272729503,0.03110301261985202,1329,0.2617168126371645,0.41650738181640357,0.26355665552981095,0.38273969598672636,0.3274657176663698
2,legendre,18,2.0,0.1,0.45179769843993034,0.0433865995270738,1329,0.3714488768006482,0.5989907190102476,0.3573512633024109,0.47620897900737774,0.4549886540789673
2,legendre,18,2.0,0.31622776601683794,0.8916003624347606,0.06526250147302755,1329,0.9455595883589364,1.0845042216586562,0.687063568464114,0.9045643867720822,0.8363100469200138
2,legendre,18,2.0,1.0,2.218581221016012,0.20723948841799036,1329,2.866502056939764,2.3369886806018707,1.652368679913606,2.324098847949784,1.9129478396750366
2,legendre,18,2.0,3.1622776601683795,5.5361202270235665,0.5760841196117145,1329,7.422010081986917,5.230805498109779,4.126012999731438,6.152573025387676,4.74919952990202
2,legendre,18,2.0,10.0,11.504964026194152,1.1206619939583489,1329,14.950326651414894,10.424234170220513,8.802617556638543,13.209962754559138,10.137678998137673
2,legendre,18,2.0,31.622776601683793,19.088562302284213,1.6768065163525663,1329,23.78847922840852,17.2637670683309,15.097330709589809,22.316984720309016,16.976249784782816
2,legendre,18,2.0,100.0,27.077528581235743,2.2028662148116034,1329,32.632642632206725,24.737543241887188,21.992457512911127,32.0813618683895,23.943637650784176
2,legendre,18,2.0,316.2277660168379,33.76221320180882,2.745049517097405,1329,40.82020642086582,31.452822619163193,27.500788637306034,39.772557512065305,29.264690819643768
2,legendre,18,2.0,1000.0,39.400178142489935,3.3297762240785747,1329,48.70892127905675,37.50371687341598,31.90234947651151,45.57800802433206,33.30789505913336
2,legendre,20,0.0,9.999999999999999e-06,5185.996689958403,2117.2871829063774,1770,4943.088048108175,12445.092088880543,6329.133901214526,2181.1796214054234,31.48979018335021
2,legendre,20,0.0,3.1622776601683795e-05,2842.3876014752723,957.3837846050178,1770,2707.9113310518746,5410.7490291763825,4398.924883313782,1663.4379817821614,30.9147820521624
2,legendre,20,0.0,0.0001,1124.3889189541444,334.17583285009397,1770,808.5016154253926,1699.6078632616784,1898.6496435019071,1186.0267707287899,29.15870185295451
2,legendre,20,0.0,0.00031622776601683794,340.02019359698505,116.11062573986922,1770,135.09114424673191,423.6029915012775,443.23385669535674,672.995497517881,25.177478023678326
2,legendre,20,0.0,0.001,84.44109103465469,33.19481397221198,1770,23.547339134632235,109.82325298705257,69.48172271720316,199.64369975517408,19.709440579211396
2,legendre,20,0.0,0.0031622776601683794,26.155646754599836,8.291793933094668,1770,12.791258410239127,54.24165147108471,11.62024605969929,35.97089862696641,16.154179205009644
2,legendre,20,0.0,0.01,14.867117160722668,4.722489323633168,1770,10.69656333988826,32.33857797843797,4.067390554348615,12.269196361312247,14.963857569626256
2,legendre,20,0.0,0.03162277660168379,9.872241097985544,2.3034585887766297,1770,7.875321474008496,16.231436920994057,3.0910183247357748,8.553796631361367,13.609632138828028
2,legendre,20,0.0,0.1,6.848187865701608,1.2687301928662096,1770,5.878305461876186,7.903852076600129,2.866085291719963,6.96732821463579,10.625368283675975
2,legendre,20,0.0,0.31622776601683794,5.106289106360061,0.6508819990929752,1770,5.499904269836787,4.849910130053896,2.737950597033774,5.9440378396834515,6.499642695192395
2,legendre,20,0.0,1.0,4.143027509621908,0.5116541388863339,1770,5.603944086838382,3.7950026285822203,2.599810431474765,4.861326204045899,3.8550541971682764
2,legendre,20,0.0,3.1622776601683795,3.73385140978301,0.5525194479755492,1770,5.693803363021707,3.359200800245668,2.42180314877345,4.024410897454176,3.1700388394200494
2,legendre,20,0.0,10.0,3.558980535374021,0.5697986765675089,1770,5.698228976937102,3.243688187118901,2.293954807542105,3.45433784541243,3.1046928598595653
2,legendre,20,0.0,31.622776601683793,3.5134509701063736,0.5766674535202824,1770,5.717589303374862,3.3089726836132116,2.3191705117926213,3.099672368563808,3.121849983187363
2,legendre,20,0.0,100.0,3.6966934866029724,0.5887665813950946,1770,5.957428307931653,3.608192217805209,2.5825973542166727,3.0866008656980206,3.248648687363306
2,legendre,20,0.0,316.2277660168379,4.304812188264775,0.610666822097801,1770,6.648117543804584,4.320666266090767,3.2566935416765768,3.582279327706819,3.71630426204513
2,legendre,20,0.0,1000.0,5.723876349362096,0.6815015986289157,1770,8.367208805363386,5.684474724377717,4.705323219464092,4.985813095580074,4.876561902025213
2,legendre,20,1.0,9.999999999999999e-06,48.9014201066321,25.2323043292945,1770,9.983833516182289,56.31306172878836,15.59691179124726,144.37202931376925,18.24126418317332
2,legendre,20,1.0,3.1622776601683795e-05,19.313789426186986,6.347529251472692,1770,8.280896771994763,32.795425033433936,3.6385504123661483,35.12377915777516,16.730295755364914
2,legendre,20,1.0,0.0001,10.082269538075414,2.6940995435495574,1770,5.3314543518625435,15.449752754898512,2.1036335370165387,12.533333331112136,14.993173715487341
2,legendre,20,1.0,0.00031622776601683794,5.455980294992625,1.6806568973446308,1770,2.528808050706899,6.37359447784538,1.7313246327263958,5.427561670978703,11.218612642705745
2,legendre,20,1.0,0.001,2.916397538513928,0.8243442660462306,1770,1.359465692487501,2.821233774908444,1.4271457419788307,3.071819711375324,5.9023227718195415
2,legendre,20,1.0,0.0031622776601683794,1.5764034517691141,0.2344301889001319,1770,1.0397283387327632,1.532358314216781,1.0900716225452594,2.0688722168748455,2.1509867664759215
2,legendre,20,1.0,0.01,1.0253841743803505,0.1278005659430133,1770,0.925355387312375,0.9531625667932129,0.7761744238352013,1.5194145712826614,0.9528139226783028
2,legendre,20,1.0,0.03162277660168379,0.8090405415532121,0.10153996580679928,1770,0.843991381623624,0.7246877095019502,0.571637627878543,1.1764760960076794,0.7284098927542645
2,legendre,20,1.0,0.1,0.6976549725747481,0.07292103382306296,1770,0.7703964049514834,0.6517956505130156,0.47636545394683827,0.9195362184423338,0.6701811350200687
2,legendre,20,1.0,0.31622776601683794,0.6457151661975296,0.05654811543147924,1770,0.7443114888416675,0.648301195464787,0.44293970134785415,0.7595489947660907,0.6334744505672482
2,legendre,20,1.0,1.0,0.6746709804957158,0.05699383149777709,1770,0.7970975954422171,0.7334682913441976,0.46698908443693493,0.7268791569985117,0.6489207742567179
2,legendre,20,1.0,3.1622776601683795,0.8586934628011645,0.07104336364222472,1770,1.0160292800370307,0.9779291361522013,0.6187819839129822,0.8836184522476346,0.7971084616559739
2,legendre,20,1.0,10.0,1.4457763401961885,0.11660854700988556,1770,1.7899364225977727,1.552359767588642,1.1149638139845965,1.4987626688677727,1.2728590279421583
2,legendre,20,1.0,31.622776601683793,3.1311254885771254,0.3273969952328453,1770,4.284106667920483,2.9266173533500375,2.4773182971446337,3.372192386204098,2.5953927382663773
2,legendre,20,1.0,100.0,7.199976979870968,0.9559494363113978,1770,10.61717866502187,6.222122969396387,5.433973379008707,7.9351854945538705,5.791424391374006
2,legendre,20,1.0,316.2277660168379,15.05766744923765,2.019938502496119,1770,22.261191443649214,13.284171312228958,10.870386678493261,16.4687129298221,12.403874881994707
2,legendre,20,1.0,1000.0,26.72708262721133,3.0433013342718422,1770,37.19321407999745,24.678560039251348,19.87946655827806,29.360786517835358,22.523385940694446
2,legendre,20,2.0,9.999999999999999e-06,2.1688986411376865,0.4575046695258178,1770,1.176006002188675,1.9050655606426434,1.297122267351904,3.003462792629126,3.4628365828760854
2,legendre,20,2.0,3.1622776601683795e-05,1.0813953841166069,0.11503270209561182,1770,0.8706892007865547,1.0247259249850926,0.8467874708124828,1.46656486063466,1.1982094633642437
2,legendre,20,2.0,0.0001,0.7094180972426029,0.0751475913389208,1770,0.6792306669531077,0.6547273673165459,0.554173150929934,0.9969763762858994,0.661982924727527
2,legendre,20,2.0,0.00031622776601683794,0.5328716450156377,0.05611943664372678,1770,0.5183248193214262,0.5022784187124427,0.4081136898100228,0.7440011818580248,0.49164011537627167
2,legendre,20,2.0,0.001,0.41727140732924567,0.037429579401548646,1770,0.3924141579050643,0.4105718786539736,0.33332766682010845,0.5576048528158319,0.39243848045124985
2,legendre,20,2.0,0.0031622776601683794,0.3457951002311832,0.02749032336545968,1770,0.3124281864896471,0.35906636959195526,0.28437392871337464,0.4445613701645512,0.3285456461963879
2,legendre,20,2.0,0.01,0.3155229995193086,0.025654903922881552,1770,0.2688214630791063,0.3585768123903478,0.25647040956152756,0.38974473520358377,0.3040015773619776
2,legendre,20,2.0,0.03162277660168379,0.3329357890175332,0.03110320936350577,1770,0.26459608790739253,0.4197494192233747,0.2649485907210639,0.38312105385220435,0.3322637933836305
2,legendre,20,2.0,0.1,0.45505709728722926,0.04330747019275985,1770,0.37636103135224436,0.6015642840095782,0.35884907336382144,0.47910788395635845,0.4594032137541437
2,legendre,20,2.0,0.31622776601683794,0.8936404333548553,0.06525714861588257,1770,0.9508295872893576,1.083216431277747,0.6869209496939239,0.9084420008854434,0.8387931976278054
2,legendre,20,2.0,1.0,2.2129920737958964,0.20839576755220132,1770,2.868174845413311,2.322189735120557,1.6441571605885144,2.3210045679952147,1.909434059861884
2,legendre,20,2.0,3.1622776601683795,5.510696031827029,0.5787814402502011,1770,7.411944694202569,5.194627812017851,4.097131437267211,6.122104951125485,4.727671264522029
2,legendre,20,2.0,10.0,11.463503280622866,1.1235964987417675,1770,14.929896649288608,10.378218152675522,8.755097493680532,13.154671496458372,10.099632611011303
2,legendre,20,2.0,31.622776601683793,19.053035151656974,1.6787530997879143,1770,23.772272200095504,17.22861234148748,15.054242468356534,22.266301827179504,16.94374692116586
2,legendre,20,2.0,100.0,27.0557858787393,2.2036051194050614,1770,32.62351968969039,24.716972426528585,21.96531862486907,32.04871805088684,23.924400601721622
2,legendre,20,2.0,316.2277660168379,33.75214381556697,2.745312786259078,1770,40.815746971955335,31.442975706509316,27.488275583938325,39.75723465575705,29.256486159674818
2,legendre,20,2.0,1000.0,39.39635542736336,3.3298723434736117,1770,48.70705626560819,37.49975910762133,31.897664218604724,45.5721967456818,33.305100799300796
